ward_no,date,mean
1,2018-07-10,-0.4842175848
2,2018-07-10,-0.4691859607
3,2018-07-10,-0.4327277583
4,2018-07-10,-0.4118124664
5,2018-07-10,-0.4247096306
6,2018-07-10,-0.4732974082
7,2018-07-10,-0.4593636329
8,2018-07-10,-0.5130811375
9,2018-07-10,-0.5481041149
10,2018-07-10,-0.4762445083
11,2018-07-10,-0.5847713512
12,2018-07-10,-0.4501118195
13,2018-07-10,-0.4615271133
14,2018-07-10,-0.5059442259
15,2018-07-10,-0.6080342518
16,2018-07-10,-0.4698962579
17,2018-07-10,-0.4951644502
18,2018-07-10,-0.5241360309
19,2018-07-10,-0.445704276
20,2018-07-10,-0.4823521192
21,2018-07-10,-0.5449191773
22,2018-07-10,-0.5038652749
23,2018-07-10,-0.541165064
24,2018-07-10,-0.4799458578
1,2018-07-17,-0.6221125929
2,2018-07-17,-0.5428394442
3,2018-07-17,-0.504339278
4,2018-07-17,-0.5420193266
5,2018-07-17,-0.6313572708
6,2018-07-17,-0.6636076992
7,2018-07-17,-0.656919556
8,2018-07-17,-0.6232801502
9,2018-07-17,-0.6621456313
10,2018-07-17,-0.6785264764
11,2018-07-17,-0.4607491007
12,2018-07-17,-0.6181387391
13,2018-07-17,-0.5056686474
14,2018-07-17,-0.4939114799
15,2018-07-17,-0.3916195929
16,2018-07-17,-0.4909884592
17,2018-07-17,-0.5749794091
18,2018-07-17,-0.5613789408
19,2018-07-17,-0.5106200389
20,2018-07-17,-0.5228584474
21,2018-07-17,-0.530312401
22,2018-07-17,-0.4162196157
23,2018-07-17,-0.5826074086
24,2018-07-17,-0.6336210024
1,2018-07-24,0.001202448685
2,2018-07-24,0.1078959171
3,2018-07-24,0.08913264582
4,2018-07-24,-0.01032560699
5,2018-07-24,5.88E-05
6,2018-07-24,-0.08068319571
7,2018-07-24,-0.09888451661
8,2018-07-24,-0.0244912871
9,2018-07-24,-0.07659138365
10,2018-07-24,0.1366627348
11,2018-07-24,0.003618526782
12,2018-07-24,-0.0830953053
13,2018-07-24,0.04949589898
14,2018-07-24,-0.07113886613
15,2018-07-24,-0.004401762386
16,2018-07-24,0.0899113616
17,2018-07-24,0.0459082652
18,2018-07-24,-0.05553086279
19,2018-07-24,-0.05312672197
20,2018-07-24,0.05052755486
21,2018-07-24,-0.03029760959
22,2018-07-24,0.1272354568
23,2018-07-24,-0.1097524181
24,2018-07-24,-0.02670580099
1,2018-07-31,1.02746106
2,2018-07-31,1.028266168
3,2018-07-31,1.040665695
4,2018-07-31,1.01305743
5,2018-07-31,0.9875265965
6,2018-07-31,0.9621624436
7,2018-07-31,0.9333564326
8,2018-07-31,1.074429242
9,2018-07-31,0.9759836852
10,2018-07-31,1.03266109
11,2018-07-31,0.722641625
12,2018-07-31,0.9669020764
13,2018-07-31,0.996978956
14,2018-07-31,0.8944559677
15,2018-07-31,0.6858985803
16,2018-07-31,1.081596315
17,2018-07-31,1.131328604
18,2018-07-31,0.9275079451
19,2018-07-31,0.9491004821
20,2018-07-31,0.9071653383
21,2018-07-31,0.8544135945
22,2018-07-31,0.8993342084
23,2018-07-31,0.8549079743
24,2018-07-31,1.01392897
1,2018-08-07,-0.2133033805
2,2018-08-07,-0.2114416255
3,2018-08-07,-0.234517482
4,2018-08-07,-0.2480645447
5,2018-08-07,-0.2024049972
6,2018-08-07,-0.1589535125
7,2018-08-07,-0.1630342069
8,2018-08-07,0.1003458299
9,2018-08-07,0.05702213479
10,2018-08-07,-0.1520686489
11,2018-08-07,0.1409631827
12,2018-08-07,-0.1629375749
13,2018-08-07,0.07725392284
14,2018-08-07,0.2732045008
15,2018-08-07,0.1739606358
16,2018-08-07,0.0402276999
17,2018-08-07,0.04984404226
18,2018-08-07,0.1442514709
19,2018-08-07,0.2617667089
20,2018-08-07,0.3429265859
21,2018-08-07,0.1121745533
22,2018-08-07,0.3832665126
23,2018-08-07,0.1129343929
24,2018-08-07,0.0279131085
1,2018-08-14,0.5421039582
2,2018-08-14,0.4637468891
3,2018-08-14,0.4853251413
4,2018-08-14,0.4981834656
5,2018-08-14,0.4998644483
6,2018-08-14,0.4767103811
7,2018-08-14,0.3846845731
8,2018-08-14,0.4311983525
9,2018-08-14,0.420012855
10,2018-08-14,0.5654354484
11,2018-08-14,0.666393577
12,2018-08-14,0.64438266
13,2018-08-14,0.7973374693
14,2018-08-14,0.6798311145
15,2018-08-14,0.6015478788
16,2018-08-14,0.6047066028
17,2018-08-14,0.4866470988
18,2018-08-14,0.3579402623
19,2018-08-14,0.4785383023
20,2018-08-14,0.738192752
21,2018-08-14,0.7964093618
22,2018-08-14,0.8389517612
23,2018-08-14,0.4310377328
24,2018-08-14,0.4253936693
1,2018-08-21,-0.9737480383
2,2018-08-21,-0.9759371653
3,2018-08-21,-0.9743919316
4,2018-08-21,-0.9878993539
5,2018-08-21,-0.9706265541
6,2018-08-21,-0.9050028331
7,2018-08-21,-0.9198325385
8,2018-08-21,-0.8690128135
9,2018-08-21,-0.8866752074
10,2018-08-21,-1.000278846
11,2018-08-21,-0.8411801773
12,2018-08-21,-0.9642350289
13,2018-08-21,-0.8097726469
14,2018-08-21,-0.9112565168
15,2018-08-21,-0.8058119517
16,2018-08-21,-0.943381087
17,2018-08-21,-0.9155551946
18,2018-08-21,-0.8701105254
19,2018-08-21,-0.8931858779
20,2018-08-21,-0.8561446375
21,2018-08-21,-0.8902377179
22,2018-08-21,-0.8009481858
23,2018-08-21,-0.8740710501
24,2018-08-21,-0.9253357682
1,2018-08-28,-0.7393466752
2,2018-08-28,-0.6475537471
3,2018-08-28,-0.7290311649
4,2018-08-28,-0.8325120456
5,2018-08-28,-0.6764676008
6,2018-08-28,-0.6065918255
7,2018-08-28,-0.636328618
8,2018-08-28,-0.5161927685
9,2018-08-28,-0.5233593018
10,2018-08-28,-0.5031989185
11,2018-08-28,-0.5836818747
12,2018-08-28,-0.511926713
13,2018-08-28,-0.5008811708
14,2018-08-28,-0.2521269527
15,2018-08-28,-0.4979272739
16,2018-08-28,-0.5369642321
17,2018-08-28,-0.5392412686
18,2018-08-28,-0.4389050655
19,2018-08-28,-0.307367786
20,2018-08-28,-0.3658851064
21,2018-08-28,-0.4106603317
22,2018-08-28,-0.4760761054
23,2018-08-28,-0.4737519333
24,2018-08-28,-0.4625042311
1,2018-09-04,-0.8479008583
2,2018-09-04,-0.7984669305
3,2018-09-04,-0.8177561552
4,2018-09-04,-0.7847593834
5,2018-09-04,-0.7504840549
6,2018-09-04,-0.78184153
7,2018-09-04,-0.7937938942
8,2018-09-04,-0.8434283561
9,2018-09-04,-0.8802434625
10,2018-09-04,-0.7553514765
11,2018-09-04,-0.8936082963
12,2018-09-04,-0.9700078937
13,2018-09-04,-1.007946584
14,2018-09-04,-0.9903318266
15,2018-09-04,-0.799967595
16,2018-09-04,-0.8226634247
17,2018-09-04,-0.7649506854
18,2018-09-04,-0.8178980608
19,2018-09-04,-0.8577791048
20,2018-09-04,-0.8650619359
21,2018-09-04,-0.9368114566
22,2018-09-04,-0.7019896925
23,2018-09-04,-0.9626803439
24,2018-09-04,-0.7624332213
1,2018-09-11,-1.279343493
2,2018-09-11,-1.260888866
3,2018-09-11,-1.285051917
4,2018-09-11,-1.347755718
5,2018-09-11,-1.216933483
6,2018-09-11,-1.117342761
7,2018-09-11,-1.272451696
8,2018-09-11,-1.009462153
9,2018-09-11,-1.00603963
10,2018-09-11,-0.582519158
11,2018-09-11,-1.202143943
12,2018-09-11,-0.5692460005
13,2018-09-11,-0.5824036312
14,2018-09-11,-0.8429316558
15,2018-09-11,-1.056593756
16,2018-09-11,-0.9075932272
17,2018-09-11,-0.8794344508
18,2018-09-11,-0.7409627465
19,2018-09-11,-0.6880073782
20,2018-09-11,-0.7646462785
21,2018-09-11,-1.02497727
22,2018-09-11,-0.94945575
23,2018-09-11,-0.8028711964
24,2018-09-11,-0.572278701
1,2018-09-18,-1.232712783
2,2018-09-18,-1.125167235
3,2018-09-18,-1.145576925
4,2018-09-18,-1.258221397
5,2018-09-18,-1.093687364
6,2018-09-18,-1.002803948
7,2018-09-18,-1.231896332
8,2018-09-18,-0.8792865731
9,2018-09-18,-1.010106509
10,2018-09-18,-0.6854963621
11,2018-09-18,-0.8728969417
12,2018-09-18,-0.9427711248
13,2018-09-18,-0.9227250729
14,2018-09-18,-0.9220922036
15,2018-09-18,-0.7822645865
16,2018-09-18,-0.4880804817
17,2018-09-18,-0.6047210152
18,2018-09-18,-0.9333068074
19,2018-09-18,-0.7413777882
20,2018-09-18,-0.7154251491
21,2018-09-18,-0.9062029332
22,2018-09-18,-0.767889758
23,2018-09-18,-1.093714497
24,2018-09-18,-0.6864761387
1,2018-09-25,-0.9112960356
2,2018-09-25,-0.9320415649
3,2018-09-25,-0.8907228013
4,2018-09-25,-0.8857727446
5,2018-09-25,-0.9276608209
6,2018-09-25,-0.9313605466
7,2018-09-25,-0.8858900832
8,2018-09-25,-0.8949328479
9,2018-09-25,-0.8709273911
10,2018-09-25,-1.045343631
11,2018-09-25,-0.9310409321
12,2018-09-25,-1.041683565
13,2018-09-25,-1.046352754
14,2018-09-25,-0.9275324681
15,2018-09-25,-0.8927937491
16,2018-09-25,-1.019565075
17,2018-09-25,-0.9620836626
18,2018-09-25,-0.8880084377
19,2018-09-25,-0.9219796131
20,2018-09-25,-0.9748476622
21,2018-09-25,-0.9660056433
22,2018-09-25,-0.9136298579
23,2018-09-25,-0.8784928732
24,2018-09-25,-0.9445986517
1,2018-10-02,-0.8944286619
2,2018-10-02,-0.8437191631
3,2018-10-02,-0.8730722431
4,2018-10-02,-0.8997113586
5,2018-10-02,-0.8488091748
6,2018-10-02,-0.8114924304
7,2018-10-02,-0.7813482437
8,2018-10-02,-0.8745384241
9,2018-10-02,-0.8193458996
10,2018-10-02,-0.9791155048
11,2018-10-02,-1.050790833
12,2018-10-02,-1.06285393
13,2018-10-02,-1.113187016
14,2018-10-02,-0.9850942845
15,2018-10-02,-0.9744626755
16,2018-10-02,-0.9668199239
17,2018-10-02,-0.9178932
18,2018-10-02,-0.850444299
19,2018-10-02,-0.9499033461
20,2018-10-02,-1.068810764
21,2018-10-02,-1.046962244
22,2018-10-02,-1.047313699
23,2018-10-02,-0.801670853
24,2018-10-02,-0.9036221184
1,2018-10-09,-0.7299194883
2,2018-10-09,-0.7352600146
3,2018-10-09,-0.7377685871
4,2018-10-09,-0.7509411808
5,2018-10-09,-0.7403002843
6,2018-10-09,-0.7178366346
7,2018-10-09,-0.7470768265
8,2018-10-09,-0.6704629936
9,2018-10-09,-0.6531111029
10,2018-10-09,-0.7583204285
11,2018-10-09,-0.8928986165
12,2018-10-09,-0.8079380456
13,2018-10-09,-0.8791045861
14,2018-10-09,-0.653880122
15,2018-10-09,-0.8788569138
16,2018-10-09,-0.7363652654
17,2018-10-09,-0.6882922675
18,2018-10-09,-0.6298399157
19,2018-10-09,-0.6805370318
20,2018-10-09,-0.7568241187
21,2018-10-09,-0.7966744751
22,2018-10-09,-0.8682388646
23,2018-10-09,-0.6451977496
24,2018-10-09,-0.687699351
1,2018-10-16,-1.145423891
2,2018-10-16,-1.134015508
3,2018-10-16,-1.132451395
4,2018-10-16,-1.164064024
5,2018-10-16,-1.109284468
6,2018-10-16,-1.059951008
7,2018-10-16,-1.122343408
8,2018-10-16,-0.975736215
9,2018-10-16,-1.007867277
10,2018-10-16,-0.9992379662
11,2018-10-16,-1.132012305
12,2018-10-16,-1.091649273
13,2018-10-16,-1.147157746
14,2018-10-16,-1.03026624
15,2018-10-16,-1.091015881
16,2018-10-16,-1.005577352
17,2018-10-16,-0.9398424524
18,2018-10-16,-0.9195612685
19,2018-10-16,-0.9606439449
20,2018-10-16,-1.054899324
21,2018-10-16,-1.085474245
22,2018-10-16,-1.060186077
23,2018-10-16,-0.9906406579
24,2018-10-16,-0.9131386907
1,2018-10-23,-0.6662854658
2,2018-10-23,-0.6618412918
3,2018-10-23,-0.6595354996
4,2018-10-23,-0.6695800413
5,2018-10-23,-0.6681150948
6,2018-10-23,-0.6648252947
7,2018-10-23,-0.6603521797
8,2018-10-23,-0.6599630038
9,2018-10-23,-0.6362447116
10,2018-10-23,-0.7137867711
11,2018-10-23,-0.7630905876
12,2018-10-23,-0.7496487087
13,2018-10-23,-0.7931758071
14,2018-10-23,-0.6111869377
15,2018-10-23,-0.7329513103
16,2018-10-23,-0.7068124165
17,2018-10-23,-0.6801008677
18,2018-10-23,-0.6149238051
19,2018-10-23,-0.6682002814
20,2018-10-23,-0.7134459402
21,2018-10-23,-0.7073164205
22,2018-10-23,-0.7885767186
23,2018-10-23,-0.6106003941
24,2018-10-23,-0.6700721697
1,2018-10-30,-0.9627970547
2,2018-10-30,-0.9567291787
3,2018-10-30,-0.9508861316
4,2018-10-30,-0.9528784544
5,2018-10-30,-0.9617973241
6,2018-10-30,-0.9832779332
7,2018-10-30,-0.9939416946
8,2018-10-30,-0.9658299222
9,2018-10-30,-0.9663337067
10,2018-10-30,-0.9928654927
11,2018-10-30,-1.047331458
12,2018-10-30,-1.019951891
13,2018-10-30,-1.07660551
14,2018-10-30,-0.8922876454
15,2018-10-30,-1.072164354
16,2018-10-30,-1.010655698
17,2018-10-30,-0.9705172256
18,2018-10-30,-0.847636429
19,2018-10-30,-0.8717052448
20,2018-10-30,-0.9735315651
21,2018-10-30,-0.9906104951
22,2018-10-30,-1.04206011
23,2018-10-30,-0.9065530588
24,2018-10-30,-0.89838768
1,2018-11-06,-0.8361483202
2,2018-11-06,-0.8183686116
3,2018-11-06,-0.8088916957
4,2018-11-06,-0.8112472843
5,2018-11-06,-0.8020588136
6,2018-11-06,-0.8118404883
7,2018-11-06,-0.7879446873
8,2018-11-06,-0.7900174796
9,2018-11-06,-0.7815439181
10,2018-11-06,-0.8848363335
11,2018-11-06,-0.979837968
12,2018-11-06,-0.941136654
13,2018-11-06,-1.015637135
14,2018-11-06,-0.7863942414
15,2018-11-06,-0.942523142
16,2018-11-06,-0.8620317586
17,2018-11-06,-0.7823241428
18,2018-11-06,-0.7229539243
19,2018-11-06,-0.7625780565
20,2018-11-06,-0.8533404719
21,2018-11-06,-0.905798072
22,2018-11-06,-0.9605794792
23,2018-11-06,-0.7876292407
24,2018-11-06,-0.7781478882
1,2018-11-13,-0.6853158746
2,2018-11-13,-0.6612537278
3,2018-11-13,-0.6616975124
4,2018-11-13,-0.6942459701
5,2018-11-13,-0.6482419079
6,2018-11-13,-0.6354829791
7,2018-11-13,-0.6160182218
8,2018-11-13,-0.6663143322
9,2018-11-13,-0.6065188612
10,2018-11-13,-0.6732919853
11,2018-11-13,-0.769316569
12,2018-11-13,-0.7229388124
13,2018-11-13,-0.769872317
14,2018-11-13,-0.636502485
15,2018-11-13,-0.7313406596
16,2018-11-13,-0.743596107
17,2018-11-13,-0.6807444606
18,2018-11-13,-0.5539429813
19,2018-11-13,-0.580899998
20,2018-11-13,-0.6572539571
21,2018-11-13,-0.7121385477
22,2018-11-13,-0.727347307
23,2018-11-13,-0.6321219953
24,2018-11-13,-0.5859505946
1,2018-11-20,-0.6837481678
2,2018-11-20,-0.6307951012
3,2018-11-20,-0.6286446532
4,2018-11-20,-0.6382327036
5,2018-11-20,-0.6232117318
6,2018-11-20,-0.6249930006
7,2018-11-20,-0.6357004873
8,2018-11-20,-0.6508168288
9,2018-11-20,-0.6131753385
10,2018-11-20,-0.6939862814
11,2018-11-20,-0.846349477
12,2018-11-20,-0.7761518434
13,2018-11-20,-0.8533957222
14,2018-11-20,-0.644339406
15,2018-11-20,-0.8466658817
16,2018-11-20,-0.6998490794
17,2018-11-20,-0.6712910068
18,2018-11-20,-0.5969102609
19,2018-11-20,-0.6689924089
20,2018-11-20,-0.7482261089
21,2018-11-20,-0.7638894067
22,2018-11-20,-0.8524976951
23,2018-11-20,-0.5951845068
24,2018-11-20,-0.6572698229
1,2018-11-27,-0.634377397
2,2018-11-27,-0.6459190731
3,2018-11-27,-0.6245888132
4,2018-11-27,-0.6232640168
5,2018-11-27,-0.6440495834
6,2018-11-27,-0.6555305057
7,2018-11-27,-0.6696427044
8,2018-11-27,-0.6766345189
9,2018-11-27,-0.6612612378
10,2018-11-27,-0.7177836658
11,2018-11-27,-0.8073286142
12,2018-11-27,-0.7453023265
13,2018-11-27,-0.8261493105
14,2018-11-27,-0.5939723265
15,2018-11-27,-0.8350696531
16,2018-11-27,-0.7005719998
17,2018-11-27,-0.6907287704
18,2018-11-27,-0.6123569613
19,2018-11-27,-0.6006006213
20,2018-11-27,-0.6819529558
21,2018-11-27,-0.7218498645
22,2018-11-27,-0.7957030535
23,2018-11-27,-0.6591491281
24,2018-11-27,-0.6681142455
1,2018-12-04,-1.003097596
2,2018-12-04,-0.9767369149
3,2018-12-04,-0.9812573738
4,2018-12-04,-1.007431256
5,2018-12-04,-1.001280147
6,2018-12-04,-1.004720122
7,2018-12-04,-1.006726316
8,2018-12-04,-0.9730654581
9,2018-12-04,-0.981895705
10,2018-12-04,-1.001639991
11,2018-12-04,-1.081543523
12,2018-12-04,-1.050039354
13,2018-12-04,-1.095281259
14,2018-12-04,-0.9862067445
15,2018-12-04,-1.051335291
16,2018-12-04,-0.9815720003
17,2018-12-04,-0.97053244
18,2018-12-04,-0.911739982
19,2018-12-04,-0.9402976436
20,2018-12-04,-1.010934624
21,2018-12-04,-1.043681822
22,2018-12-04,-1.056538412
23,2018-12-04,-0.9772314663
24,2018-12-04,-0.9337729333
1,2018-12-11,-0.65014921
2,2018-12-11,-0.642221321
3,2018-12-11,-0.6457240336
4,2018-12-11,-0.6697443449
5,2018-12-11,-0.6536515515
6,2018-12-11,-0.6663321391
7,2018-12-11,-0.6616468396
8,2018-12-11,-0.6705806539
9,2018-12-11,-0.6584817143
10,2018-12-11,-0.7154856164
11,2018-12-11,-0.8204693932
12,2018-12-11,-0.7619058511
13,2018-12-11,-0.813742491
14,2018-12-11,-0.6768492667
15,2018-12-11,-0.8156895229
16,2018-12-11,-0.7096157095
17,2018-12-11,-0.6703995974
18,2018-12-11,-0.6373000061
19,2018-12-11,-0.6708957057
20,2018-12-11,-0.7380143511
21,2018-12-11,-0.7535392847
22,2018-12-11,-0.8023258219
23,2018-12-11,-0.6577939431
24,2018-12-11,-0.6666240554
1,2018-12-18,-1.024758256
2,2018-12-18,-0.9502815339
3,2018-12-18,-0.9409862413
4,2018-12-18,-0.9668791985
5,2018-12-18,-0.9468971517
6,2018-12-18,-0.9472975254
7,2018-12-18,-0.9468010368
8,2018-12-18,-0.9284210231
9,2018-12-18,-0.90959405
10,2018-12-18,-0.9650962785
11,2018-12-18,-0.9561282384
12,2018-12-18,-0.9869879442
13,2018-12-18,-0.9964724754
14,2018-12-18,-0.8776983787
15,2018-12-18,-0.9337763129
16,2018-12-18,-0.9883836574
17,2018-12-18,-0.9364727324
18,2018-12-18,-0.8359040685
19,2018-12-18,-0.8628521273
20,2018-12-18,-0.8951274069
21,2018-12-18,-0.9277165652
22,2018-12-18,-0.9370917368
23,2018-12-18,-0.8956638287
24,2018-12-18,-0.8742589177
1,2018-12-25,-1.07574662
2,2018-12-25,-1.041679769
3,2018-12-25,-1.045061745
4,2018-12-25,-1.045656295
5,2018-12-25,-1.038610078
6,2018-12-25,-1.011386942
7,2018-12-25,-1.001112761
8,2018-12-25,-0.9822499621
9,2018-12-25,-0.9723158238
10,2018-12-25,-0.9726451471
11,2018-12-25,-1.153590024
12,2018-12-25,-1.02121714
13,2018-12-25,-1.091684652
14,2018-12-25,-0.9963184498
15,2018-12-25,-1.123801389
16,2018-12-25,-0.9561675566
17,2018-12-25,-0.9775555592
18,2018-12-25,-0.9620226123
19,2018-12-25,-0.9788035761
20,2018-12-25,-1.092598981
21,2018-12-25,-1.101821477
22,2018-12-25,-1.165486247
23,2018-12-25,-0.9500447088
24,2018-12-25,-0.9933111851
1,2019-01-01,-0.7167543957
2,2019-01-01,-0.7023628366
3,2019-01-01,-0.713925353
4,2019-01-01,-0.7318773106
5,2019-01-01,-0.70407847
6,2019-01-01,-0.7186435938
7,2019-01-01,-0.7210221799
8,2019-01-01,-0.7177090809
9,2019-01-01,-0.7172690408
10,2019-01-01,-0.7264680295
11,2019-01-01,-0.9506022763
12,2019-01-01,-0.8156222268
13,2019-01-01,-0.8874128554
14,2019-01-01,-0.7688397331
15,2019-01-01,-0.9572870902
16,2019-01-01,-0.7037071546
17,2019-01-01,-0.6915234166
18,2019-01-01,-0.7125762942
19,2019-01-01,-0.7443819164
20,2019-01-01,-0.8388147317
21,2019-01-01,-0.8922580592
22,2019-01-01,-0.9440993946
23,2019-01-01,-0.7461027488
24,2019-01-01,-0.7196289724
1,2019-01-08,-0.732616189
2,2019-01-08,-0.704967385
3,2019-01-08,-0.7265621193
4,2019-01-08,-0.7497344917
5,2019-01-08,-0.7122699984
6,2019-01-08,-0.6958687466
7,2019-01-08,-0.7422028546
8,2019-01-08,-0.6888705525
9,2019-01-08,-0.6902688503
10,2019-01-08,-0.6280612912
11,2019-01-08,-0.81498724
12,2019-01-08,-0.6925803679
13,2019-01-08,-0.756856331
14,2019-01-08,-0.7315495299
15,2019-01-08,-0.7862922078
16,2019-01-08,-0.6578191297
17,2019-01-08,-0.6574788669
18,2019-01-08,-0.6236668064
19,2019-01-08,-0.6631122449
20,2019-01-08,-0.7320250694
21,2019-01-08,-0.7892155021
22,2019-01-08,-0.7895820607
23,2019-01-08,-0.6835167216
24,2019-01-08,-0.6181918178
1,2019-01-15,-0.6692163981
2,2019-01-15,-0.6681135174
3,2019-01-15,-0.6807079164
4,2019-01-15,-0.6985072983
5,2019-01-15,-0.6713449991
6,2019-01-15,-0.6570678114
7,2019-01-15,-0.6943853389
8,2019-01-15,-0.6308892691
9,2019-01-15,-0.6284377737
10,2019-01-15,-0.6782131334
11,2019-01-15,-0.7348639924
12,2019-01-15,-0.6979500397
13,2019-01-15,-0.7427363867
14,2019-01-15,-0.6238707826
15,2019-01-15,-0.702369608
16,2019-01-15,-0.6583715809
17,2019-01-15,-0.6488872698
18,2019-01-15,-0.5938701768
19,2019-01-15,-0.6175946779
20,2019-01-15,-0.6952185381
21,2019-01-15,-0.7152693534
22,2019-01-15,-0.7310672492
23,2019-01-15,-0.6289944668
24,2019-01-15,-0.6304171204
1,2019-01-22,-0.694748362
2,2019-01-22,-0.6769431869
3,2019-01-22,-0.6761824538
4,2019-01-22,-0.7105839769
5,2019-01-22,-0.7045686642
6,2019-01-22,-0.699016434
7,2019-01-22,-0.7178600662
8,2019-01-22,-0.7031563295
9,2019-01-22,-0.6985246903
10,2019-01-22,-0.7682930342
11,2019-01-22,-0.8758267414
12,2019-01-22,-0.8251844393
13,2019-01-22,-0.8684064071
14,2019-01-22,-0.7130148064
15,2019-01-22,-0.8618933114
16,2019-01-22,-0.737848538
17,2019-01-22,-0.7204676873
18,2019-01-22,-0.673545994
19,2019-01-22,-0.7345105281
20,2019-01-22,-0.804764758
21,2019-01-22,-0.8030182637
22,2019-01-22,-0.8598395973
23,2019-01-22,-0.6949023206
24,2019-01-22,-0.7237097149
1,2019-01-29,-0.7017296302
2,2019-01-29,-0.687223688
3,2019-01-29,-0.6799795268
4,2019-01-29,-0.6901346664
5,2019-01-29,-0.6673329181
6,2019-01-29,-0.6498926198
7,2019-01-29,-0.662902732
8,2019-01-29,-0.6293860588
9,2019-01-29,-0.6288538207
10,2019-01-29,-0.6178877509
11,2019-01-29,-0.6904594149
12,2019-01-29,-0.6301261898
13,2019-01-29,-0.6614771558
14,2019-01-29,-0.6286800759
15,2019-01-29,-0.655457966
16,2019-01-29,-0.6466673896
17,2019-01-29,-0.6307642617
18,2019-01-29,-0.5779150145
19,2019-01-29,-0.595716427
20,2019-01-29,-0.6408341092
21,2019-01-29,-0.673909718
22,2019-01-29,-0.665927961
23,2019-01-29,-0.6260775696
24,2019-01-29,-0.5870536766
1,2019-02-05,-0.7835054445
2,2019-02-05,-0.7305764624
3,2019-02-05,-0.7466681803
4,2019-02-05,-0.7599295841
5,2019-02-05,-0.7342155008
6,2019-02-05,-0.7271048124
7,2019-02-05,-0.7454111836
8,2019-02-05,-0.7121435454
9,2019-02-05,-0.6965405434
10,2019-02-05,-0.7461551047
11,2019-02-05,-0.807134257
12,2019-02-05,-0.7816077965
13,2019-02-05,-0.8348456777
14,2019-02-05,-0.6642312196
15,2019-02-05,-0.7662697141
16,2019-02-05,-0.7783359924
17,2019-02-05,-0.7286782164
18,2019-02-05,-0.626615806
19,2019-02-05,-0.6519897056
20,2019-02-05,-0.7163683805
21,2019-02-05,-0.7489957707
22,2019-02-05,-0.7924669244
23,2019-02-05,-0.6661217665
24,2019-02-05,-0.6703016068
1,2019-02-12,-0.7284958235
2,2019-02-12,-0.7186533907
3,2019-02-12,-0.7157717291
4,2019-02-12,-0.7152733884
5,2019-02-12,-0.7048959466
6,2019-02-12,-0.7097620544
7,2019-02-12,-0.7026316842
8,2019-02-12,-0.6828141007
9,2019-02-12,-0.6654555235
10,2019-02-12,-0.6831941997
11,2019-02-12,-0.7419813282
12,2019-02-12,-0.7121090149
13,2019-02-12,-0.7506126345
14,2019-02-12,-0.6302888531
15,2019-02-12,-0.7174922148
16,2019-02-12,-0.7165903167
17,2019-02-12,-0.6830405268
18,2019-02-12,-0.5858104602
19,2019-02-12,-0.6111029303
20,2019-02-12,-0.6940066473
21,2019-02-12,-0.7177282779
22,2019-02-12,-0.7439004957
23,2019-02-12,-0.6312645042
24,2019-02-12,-0.6204015122
1,2019-02-19,-0.8114787908
2,2019-02-19,-0.7835957427
3,2019-02-19,-0.7779808002
4,2019-02-19,-0.7707403734
5,2019-02-19,-0.7768353614
6,2019-02-19,-0.7861520708
7,2019-02-19,-0.7925557659
8,2019-02-19,-0.761350056
9,2019-02-19,-0.7509169709
10,2019-02-19,-0.7928384121
11,2019-02-19,-0.88245588
12,2019-02-19,-0.8179966198
13,2019-02-19,-0.8487517266
14,2019-02-19,-0.7364760802
15,2019-02-19,-0.8547534366
16,2019-02-19,-0.8076041546
17,2019-02-19,-0.7782814074
18,2019-02-19,-0.6904142554
19,2019-02-19,-0.7270579798
20,2019-02-19,-0.7801867149
21,2019-02-19,-0.8330644519
22,2019-02-19,-0.8572564489
23,2019-02-19,-0.7327354348
24,2019-02-19,-0.7401984152
1,2019-02-26,-0.6638503151
2,2019-02-26,-0.5698218452
3,2019-02-26,-0.5807952143
4,2019-02-26,-0.5958807494
5,2019-02-26,-0.5624509049
6,2019-02-26,-0.5842562781
7,2019-02-26,-0.5717743258
8,2019-02-26,-0.5087172167
9,2019-02-26,-0.4921390273
10,2019-02-26,-0.5860811035
11,2019-02-26,-0.6791451939
12,2019-02-26,-0.616506001
13,2019-02-26,-0.6657631297
14,2019-02-26,-0.4943216186
15,2019-02-26,-0.6166985019
16,2019-02-26,-0.6302395174
17,2019-02-26,-0.534426069
18,2019-02-26,-0.4211628109
19,2019-02-26,-0.421649161
20,2019-02-26,-0.528550822
21,2019-02-26,-0.6185451737
22,2019-02-26,-0.6333475943
23,2019-02-26,-0.5036897974
24,2019-02-26,-0.4567901636
1,2019-03-05,-0.6562256439
2,2019-03-05,-0.6117700559
3,2019-03-05,-0.6094922006
4,2019-03-05,-0.6457022693
5,2019-03-05,-0.609771304
6,2019-03-05,-0.6511373843
7,2019-03-05,-0.6431491255
8,2019-03-05,-0.6384021418
9,2019-03-05,-0.6406672575
10,2019-03-05,-0.6495788622
11,2019-03-05,-0.7747198771
12,2019-03-05,-0.668204296
13,2019-03-05,-0.7235896464
14,2019-03-05,-0.6386782645
15,2019-03-05,-0.795513349
16,2019-03-05,-0.6618362951
17,2019-03-05,-0.6266385981
18,2019-03-05,-0.5747388152
19,2019-03-05,-0.5222768631
20,2019-03-05,-0.6592941743
21,2019-03-05,-0.7187963079
22,2019-03-05,-0.7428648601
23,2019-03-05,-0.6116458575
24,2019-03-05,-0.5648845118
1,2019-03-12,-0.6716547899
2,2019-03-12,-0.6310159647
3,2019-03-12,-0.6331672983
4,2019-03-12,-0.6495046864
5,2019-03-12,-0.6360519332
6,2019-03-12,-0.6223683764
7,2019-03-12,-0.6407901989
8,2019-03-12,-0.5664469789
9,2019-03-12,-0.5886251973
10,2019-03-12,-0.5918060606
11,2019-03-12,-0.7212737737
12,2019-03-12,-0.648238418
13,2019-03-12,-0.6820023053
14,2019-03-12,-0.5864503441
15,2019-03-12,-0.6939249885
16,2019-03-12,-0.6163995792
17,2019-03-12,-0.5804534568
18,2019-03-12,-0.516065047
19,2019-03-12,-0.5500812107
20,2019-03-12,-0.6243015378
21,2019-03-12,-0.6779388002
22,2019-03-12,-0.6939398777
23,2019-03-12,-0.5969140014
24,2019-03-12,-0.5354795921
1,2019-03-19,-0.6187923438
2,2019-03-19,-0.5042800577
3,2019-03-19,-0.5346606536
4,2019-03-19,-0.5697076191
5,2019-03-19,-0.5023136589
6,2019-03-19,-0.5273229242
7,2019-03-19,-0.5185730625
8,2019-03-19,-0.4951203552
9,2019-03-19,-0.4861743413
10,2019-03-19,-0.6150572362
11,2019-03-19,-0.6395334188
12,2019-03-19,-0.6492474026
13,2019-03-19,-0.6792779986
14,2019-03-19,-0.4817000805
15,2019-03-19,-0.6000390183
16,2019-03-19,-0.5760273359
17,2019-03-19,-0.5259599046
18,2019-03-19,-0.4362819443
19,2019-03-19,-0.4445693843
20,2019-03-19,-0.5350442875
21,2019-03-19,-0.5737448996
22,2019-03-19,-0.614119524
23,2019-03-19,-0.4760419686
24,2019-03-19,-0.4815942298
1,2019-03-26,-0.3344124007
2,2019-03-26,-0.2894600526
3,2019-03-26,-0.2917551283
4,2019-03-26,-0.3304156791
5,2019-03-26,-0.2916717017
6,2019-03-26,-0.3382797227
7,2019-03-26,-0.3133260885
8,2019-03-26,-0.3599837131
9,2019-03-26,-0.3365950172
10,2019-03-26,-0.4417537968
11,2019-03-26,-0.3909066592
12,2019-03-26,-0.4223870134
13,2019-03-26,-0.462577962
14,2019-03-26,-0.3151223383
15,2019-03-26,-0.3586118291
16,2019-03-26,-0.4396809778
17,2019-03-26,-0.3781388277
18,2019-03-26,-0.312847982
19,2019-03-26,-0.2685180357
20,2019-03-26,-0.3415854512
21,2019-03-26,-0.3649704211
22,2019-03-26,-0.3917076407
23,2019-03-26,-0.3002841879
24,2019-03-26,-0.3209130616
1,2019-04-02,-0.543352413
2,2019-04-02,-0.5298002929
3,2019-04-02,-0.5276966388
4,2019-04-02,-0.5470098124
5,2019-04-02,-0.5465348255
6,2019-04-02,-0.5482146191
7,2019-04-02,-0.5402935871
8,2019-04-02,-0.5185622671
9,2019-04-02,-0.5037035451
10,2019-04-02,-0.5314716862
11,2019-04-02,-0.6426607383
12,2019-04-02,-0.5793480594
13,2019-04-02,-0.6293957273
14,2019-04-02,-0.5081265369
15,2019-04-02,-0.6038681398
16,2019-04-02,-0.5420935249
17,2019-04-02,-0.5213654845
18,2019-04-02,-0.4655729511
19,2019-04-02,-0.5151083584
20,2019-04-02,-0.5588764604
21,2019-04-02,-0.5756808779
22,2019-04-02,-0.6179132412
23,2019-04-02,-0.4739884281
24,2019-04-02,-0.4844476896
1,2019-04-09,-0.5467672566
2,2019-04-09,-0.5271987418
3,2019-04-09,-0.532853568
4,2019-04-09,-0.5535360602
5,2019-04-09,-0.5143939322
6,2019-04-09,-0.4997591661
7,2019-04-09,-0.5237855539
8,2019-04-09,-0.4989116369
9,2019-04-09,-0.4838298196
10,2019-04-09,-0.5052973358
11,2019-04-09,-0.6074669896
12,2019-04-09,-0.5622952773
13,2019-04-09,-0.6113662521
14,2019-04-09,-0.4708690296
15,2019-04-09,-0.5550213435
16,2019-04-09,-0.5584592632
17,2019-04-09,-0.4911125689
18,2019-04-09,-0.3891340024
19,2019-04-09,-0.4290455238
20,2019-04-09,-0.5166169008
21,2019-04-09,-0.5613783811
22,2019-04-09,-0.5694716288
23,2019-04-09,-0.4715875947
24,2019-04-09,-0.4302013791
1,2019-04-16,-0.7008828771
2,2019-04-16,-0.6205632339
3,2019-04-16,-0.6778147965
4,2019-04-16,-0.6726312653
5,2019-04-16,-0.6641568353
6,2019-04-16,-0.6654361277
7,2019-04-16,-0.6658601898
8,2019-04-16,-0.6492009052
9,2019-04-16,-0.6319433557
10,2019-04-16,-0.8207137836
11,2019-04-16,-0.90999798
12,2019-04-16,-0.8590176163
13,2019-04-16,-0.9172920341
14,2019-04-16,-0.7085065732
15,2019-04-16,-0.9024143675
16,2019-04-16,-0.8028680082
17,2019-04-16,-0.7374929582
18,2019-04-16,-0.6279604229
19,2019-04-16,-0.683302389
20,2019-04-16,-0.8010268178
21,2019-04-16,-0.81628233
22,2019-04-16,-0.8771579071
23,2019-04-16,-0.6233130794
24,2019-04-16,-0.7079256984
1,2019-04-23,-0.3912484759
2,2019-04-23,-0.3825388858
3,2019-04-23,-0.377003273
4,2019-04-23,-0.389486675
5,2019-04-23,-0.3978751742
6,2019-04-23,-0.4038171002
7,2019-04-23,-0.3886674433
8,2019-04-23,-0.386383102
9,2019-04-23,-0.3658343319
10,2019-04-23,-0.4444490134
11,2019-04-23,-0.5224653917
12,2019-04-23,-0.4774789361
13,2019-04-23,-0.520754577
14,2019-04-23,-0.3975024809
15,2019-04-23,-0.5004797854
16,2019-04-23,-0.4540180947
17,2019-04-23,-0.4073800825
18,2019-04-23,-0.3248470622
19,2019-04-23,-0.3669399958
20,2019-04-23,-0.4615420807
21,2019-04-23,-0.4790718666
22,2019-04-23,-0.5035542327
23,2019-04-23,-0.3412891017
24,2019-04-23,-0.3589385493
1,2019-04-30,-0.4654749522
2,2019-04-30,-0.4527363102
3,2019-04-30,-0.4770310858
4,2019-04-30,-0.4518746727
5,2019-04-30,-0.3931211405
6,2019-04-30,-0.3935216805
7,2019-04-30,-0.3700762826
8,2019-04-30,-0.4367714404
9,2019-04-30,-0.4134056885
10,2019-04-30,-0.526208523
11,2019-04-30,-0.53707289
12,2019-04-30,-0.5438344664
13,2019-04-30,-0.5999554897
14,2019-04-30,-0.4011045525
15,2019-04-30,-0.503223749
16,2019-04-30,-0.5558692607
17,2019-04-30,-0.463258573
18,2019-04-30,-0.3741754798
19,2019-04-30,-0.3764917183
20,2019-04-30,-0.4346080443
21,2019-04-30,-0.4758376114
22,2019-04-30,-0.4997558447
23,2019-04-30,-0.4658626902
24,2019-04-30,-0.406448934
1,2019-05-07,-0.6790638868
2,2019-05-07,-0.6466074397
3,2019-05-07,-0.6566554417
4,2019-05-07,-0.6966249324
5,2019-05-07,-0.6602791293
6,2019-05-07,-0.7048429081
7,2019-05-07,-0.6699447951
8,2019-05-07,-0.671703838
9,2019-05-07,-0.6563202724
10,2019-05-07,-0.8131761939
11,2019-05-07,-0.8667632792
12,2019-05-07,-0.850005656
13,2019-05-07,-0.8725666123
14,2019-05-07,-0.6604815612
15,2019-05-07,-0.8297162575
16,2019-05-07,-0.8269215442
17,2019-05-07,-0.7493809677
18,2019-05-07,-0.6055661437
19,2019-05-07,-0.6709671959
20,2019-05-07,-0.7575700261
21,2019-05-07,-0.7786581778
22,2019-05-07,-0.8269114143
23,2019-05-07,-0.6351526613
24,2019-05-07,-0.6980363865
1,2019-05-14,-0.5890554201
2,2019-05-14,-0.5634590812
3,2019-05-14,-0.5640725328
4,2019-05-14,-0.5780452936
5,2019-05-14,-0.5645607383
6,2019-05-14,-0.5481898622
7,2019-05-14,-0.5791822703
8,2019-05-14,-0.5350922469
9,2019-05-14,-0.5014825785
10,2019-05-14,-0.5546213989
11,2019-05-14,-0.6682994764
12,2019-05-14,-0.6296220295
13,2019-05-14,-0.6791564544
14,2019-05-14,-0.5097298767
15,2019-05-14,-0.641299549
16,2019-05-14,-0.5886891245
17,2019-05-14,-0.5510873343
18,2019-05-14,-0.4377042762
19,2019-05-14,-0.5145829628
20,2019-05-14,-0.5966441641
21,2019-05-14,-0.6112697505
22,2019-05-14,-0.6568151506
23,2019-05-14,-0.4748712699
24,2019-05-14,-0.5005086461
1,2019-05-21,-0.7169880513
2,2019-05-21,-0.6084889661
3,2019-05-21,-0.6232082765
4,2019-05-21,-0.6742280743
5,2019-05-21,-0.5977390589
6,2019-05-21,-0.6325469156
7,2019-05-21,-0.5990798217
8,2019-05-21,-0.5954155318
9,2019-05-21,-0.5858360874
10,2019-05-21,-0.7296049266
11,2019-05-21,-0.7552613824
12,2019-05-21,-0.7765870027
13,2019-05-21,-0.8281938252
14,2019-05-21,-0.5641193992
15,2019-05-21,-0.7463266575
16,2019-05-21,-0.7441277331
17,2019-05-21,-0.6245580165
18,2019-05-21,-0.4935726484
19,2019-05-21,-0.5114379946
20,2019-05-21,-0.624110434
21,2019-05-21,-0.6793630365
22,2019-05-21,-0.721303605
23,2019-05-21,-0.5733790951
24,2019-05-21,-0.5399097337
1,2019-05-28,-0.742746907
2,2019-05-28,-0.6367989097
3,2019-05-28,-0.6763780882
4,2019-05-28,-0.6952720983
5,2019-05-28,-0.5797176069
6,2019-05-28,-0.5515845111
7,2019-05-28,-0.6133778518
8,2019-05-28,-0.5416745735
9,2019-05-28,-0.5504325298
10,2019-05-28,-0.6368672723
11,2019-05-28,-0.634423508
12,2019-05-28,-0.6892309792
13,2019-05-28,-0.7196164819
14,2019-05-28,-0.5276287537
15,2019-05-28,-0.5810249629
16,2019-05-28,-0.6698775752
17,2019-05-28,-0.5764414811
18,2019-05-28,-0.4778467941
19,2019-05-28,-0.4239987174
20,2019-05-28,-0.5180006854
21,2019-05-28,-0.5766636671
22,2019-05-28,-0.56823873
23,2019-05-28,-0.5681181918
24,2019-05-28,-0.4758195574
1,2019-06-04,-0.5517674099
2,2019-06-04,-0.4527070549
3,2019-06-04,-0.4718628767
4,2019-06-04,-0.5321324792
5,2019-06-04,-0.4589763484
6,2019-06-04,-0.5115549342
7,2019-06-04,-0.5221133937
8,2019-06-04,-0.512624617
9,2019-06-04,-0.5294444985
10,2019-06-04,-0.6114659974
11,2019-06-04,-0.5361838848
12,2019-06-04,-0.5758774406
13,2019-06-04,-0.5339979784
14,2019-06-04,-0.5302925018
15,2019-06-04,-0.5487216347
16,2019-06-04,-0.5539610264
17,2019-06-04,-0.5255120076
18,2019-06-04,-0.5095484558
19,2019-06-04,-0.5102631033
20,2019-06-04,-0.4958266648
21,2019-06-04,-0.4965594276
22,2019-06-04,-0.4404902108
23,2019-06-04,-0.5655888542
24,2019-06-04,-0.5403285637
1,2019-06-11,-0.7735783054
2,2019-06-11,-0.8219886792
3,2019-06-11,-0.7220275818
4,2019-06-11,-0.7377271024
5,2019-06-11,-0.8248564405
6,2019-06-11,-0.8184946169
7,2019-06-11,-0.5957200078
8,2019-06-11,-0.780270336
9,2019-06-11,-0.7050302715
10,2019-06-11,-0.7371882937
11,2019-06-11,-0.6003615133
12,2019-06-11,-0.5475929965
13,2019-06-11,-0.5253569352
14,2019-06-11,-0.5549618062
15,2019-06-11,-0.4512375616
16,2019-06-11,-0.9550041136
17,2019-06-11,-0.8003367385
18,2019-06-11,-0.6265986598
19,2019-06-11,-0.5036768356
20,2019-06-11,-0.4668548484
21,2019-06-11,-0.6555289574
22,2019-06-11,-0.5832990475
23,2019-06-11,-0.6559755699
24,2019-06-11,-0.6246682644
1,2019-06-18,-0.9429454898
2,2019-06-18,-0.9243782109
3,2019-06-18,-0.8917812206
4,2019-06-18,-0.895148586
5,2019-06-18,-0.9176593634
6,2019-06-18,-0.9571225344
7,2019-06-18,-0.919116663
8,2019-06-18,-0.961423284
9,2019-06-18,-0.965985833
10,2019-06-18,-0.8383637991
11,2019-06-18,-0.8161284655
12,2019-06-18,-0.8459276227
13,2019-06-18,-0.8905061669
14,2019-06-18,-0.6147426783
15,2019-06-18,-0.8349097299
16,2019-06-18,-0.9726401761
17,2019-06-18,-0.896996848
18,2019-06-18,-0.7107341389
19,2019-06-18,-0.7169598517
20,2019-06-18,-0.7603205678
21,2019-06-18,-0.7177391455
22,2019-06-18,-0.7793784574
23,2019-06-18,-0.7448847472
24,2019-06-18,-0.7303328505
1,2019-06-25,-1.007030641
2,2019-06-25,-1.059993646
3,2019-06-25,-1.043001427
4,2019-06-25,-1.063127233
5,2019-06-25,-1.072766488
6,2019-06-25,-1.014714307
7,2019-06-25,-1.031095202
8,2019-06-25,-0.9020137996
9,2019-06-25,-0.973919828
10,2019-06-25,-0.7827129849
11,2019-06-25,-1.085808945
12,2019-06-25,-0.9451915668
13,2019-06-25,-1.133265974
14,2019-06-25,-1.267525544
15,2019-06-25,-0.9705327064
16,2019-06-25,-0.6422775473
17,2019-06-25,-0.8555891638
18,2019-06-25,-0.9947169666
19,2019-06-25,-1.025046135
20,2019-06-25,-1.277992548
21,2019-06-25,-1.306927237
22,2019-06-25,-1.071869413
23,2019-06-25,-1.123400935
24,2019-06-25,-0.8948545835
1,2019-07-02,-0.7872985878
2,2019-07-02,-0.7626385506
3,2019-07-02,-0.7853986056
4,2019-07-02,-0.7953353248
5,2019-07-02,-0.7360682785
6,2019-07-02,-0.7078559695
7,2019-07-02,-0.7441421296
8,2019-07-02,-0.7063481874
9,2019-07-02,-0.7184854029
10,2019-07-02,-0.7462904357
11,2019-07-02,-0.801236527
12,2019-07-02,-0.7342811171
13,2019-07-02,-0.7486340959
14,2019-07-02,-0.7204088313
15,2019-07-02,-0.79411397
16,2019-07-02,-0.756982843
17,2019-07-02,-0.7466414469
18,2019-07-02,-0.7040355101
19,2019-07-02,-0.7339766042
20,2019-07-02,-0.7817311068
21,2019-07-02,-0.7990005537
22,2019-07-02,-0.7929835695
23,2019-07-02,-0.7082414227
24,2019-07-02,-0.7377595438
1,2019-07-09,-0.6872257854
2,2019-07-09,-0.5717167772
3,2019-07-09,-0.5874375175
4,2019-07-09,-0.5638723278
5,2019-07-09,-0.5200188371
6,2019-07-09,-0.5649692343
7,2019-07-09,-0.5244161345
8,2019-07-09,-0.6491303949
9,2019-07-09,-0.6500799405
10,2019-07-09,-0.8860896183
11,2019-07-09,-0.7418037284
12,2019-07-09,-0.799423797
13,2019-07-09,-0.6821212703
14,2019-07-09,-0.711724615
15,2019-07-09,-0.7658467425
16,2019-07-09,-0.8056546995
17,2019-07-09,-0.7647610728
18,2019-07-09,-0.7631687616
19,2019-07-09,-0.7473467699
20,2019-07-09,-0.6595908359
21,2019-07-09,-0.64729219
22,2019-07-09,-0.5461408906
23,2019-07-09,-0.7228446752
24,2019-07-09,-0.8118463068
1,2019-07-16,-1.427252024
2,2019-07-16,-1.477004854
3,2019-07-16,-1.488616071
4,2019-07-16,-1.497824316
5,2019-07-16,-1.456290523
6,2019-07-16,-1.474897511
7,2019-07-16,-1.534548317
8,2019-07-16,-1.548068986
9,2019-07-16,-1.574828366
10,2019-07-16,-1.352056839
11,2019-07-16,-0.8425099268
12,2019-07-16,-1.199504816
13,2019-07-16,-1.187735663
14,2019-07-16,-1.571135047
15,2019-07-16,-0.7439957402
16,2019-07-16,-1.474739403
17,2019-07-16,-1.513612102
18,2019-07-16,-1.640730809
19,2019-07-16,-1.44262882
20,2019-07-16,-1.247721
21,2019-07-16,-1.112984201
22,2019-07-16,-0.7697853225
23,2019-07-16,-1.653487086
24,2019-07-16,-1.506596893
1,2019-07-23,-0.7581198477
2,2019-07-23,-0.693484712
3,2019-07-23,-0.712668726
4,2019-07-23,-0.6531668605
5,2019-07-23,-0.6685757052
6,2019-07-23,-0.6563558339
7,2019-07-23,-0.6424489451
8,2019-07-23,-0.6549871431
9,2019-07-23,-0.5573654467
10,2019-07-23,-0.6368642403
11,2019-07-23,-0.5741296547
12,2019-07-23,-0.5726941878
13,2019-07-23,-0.5890788256
14,2019-07-23,-0.4748185347
15,2019-07-23,-0.579929962
16,2019-07-23,-0.7006818233
17,2019-07-23,-0.7236907877
18,2019-07-23,-0.5366762059
19,2019-07-23,-0.5825485025
20,2019-07-23,-0.5858185289
21,2019-07-23,-0.5683859075
22,2019-07-23,-0.5661015799
23,2019-07-23,-0.4890626075
24,2019-07-23,-0.6283312047
1,2019-07-30,-0.7414073997
2,2019-07-30,-0.7581497034
3,2019-07-30,-0.7604474161
4,2019-07-30,-0.7623589943
5,2019-07-30,-0.7445706154
6,2019-07-30,-0.7171178822
7,2019-07-30,-0.6955318298
8,2019-07-30,-0.7277318366
9,2019-07-30,-0.6834507495
10,2019-07-30,-0.8439445909
11,2019-07-30,-0.6702942123
12,2019-07-30,-0.8334835643
13,2019-07-30,-0.768525292
14,2019-07-30,-0.6869150466
15,2019-07-30,-0.6575454689
16,2019-07-30,-0.789482673
17,2019-07-30,-0.7794218384
18,2019-07-30,-0.7444107831
19,2019-07-30,-0.7505062533
20,2019-07-30,-0.6863577734
21,2019-07-30,-0.6567569912
22,2019-07-30,-0.6552938753
23,2019-07-30,-0.7082609043
24,2019-07-30,-0.7853957207
1,2019-08-06,-0.6482141448
2,2019-08-06,-0.6941629767
3,2019-08-06,-0.7486155438
4,2019-08-06,-0.680747389
5,2019-08-06,-0.6033766668
6,2019-08-06,-0.4517387082
7,2019-08-06,-0.5140517544
8,2019-08-06,-0.5248029683
9,2019-08-06,-0.4924911214
10,2019-08-06,-0.5070933948
11,2019-08-06,-0.2802224174
12,2019-08-06,-0.356352727
13,2019-08-06,-0.250184589
14,2019-08-06,-0.2933299213
15,2019-08-06,-0.3224739369
16,2019-08-06,-0.4526203904
17,2019-08-06,-0.4690010471
18,2019-08-06,-0.4941552469
19,2019-08-06,-0.2794851924
20,2019-08-06,-0.2373571308
21,2019-08-06,-0.3129174643
22,2019-08-06,-0.2683255806
23,2019-08-06,-0.4305237623
24,2019-08-06,-0.4037691062
1,2019-08-13,-0.581561116
2,2019-08-13,-0.5346278213
3,2019-08-13,-0.5041489071
4,2019-08-13,-0.5805255458
5,2019-08-13,-0.5185121818
6,2019-08-13,-0.5324743873
7,2019-08-13,-0.5749158701
8,2019-08-13,-0.5500227473
9,2019-08-13,-0.5551475763
10,2019-08-13,-0.4436572562
11,2019-08-13,-0.3003449112
12,2019-08-13,-0.3301362257
13,2019-08-13,-0.1868040385
14,2019-08-13,-0.5410160799
15,2019-08-13,-0.2761957418
16,2019-08-13,-0.4525149408
17,2019-08-13,-0.5565463368
18,2019-08-13,-0.6334196407
19,2019-08-13,-0.5920496417
20,2019-08-13,-0.3085260038
21,2019-08-13,-0.3319433528
22,2019-08-13,-0.1893741488
23,2019-08-13,-0.6499190886
24,2019-08-13,-0.5973677058
1,2019-08-20,-1.050917426
2,2019-08-20,-0.9538941766
3,2019-08-20,-1.010482852
4,2019-08-20,-1.144055741
5,2019-08-20,-1.046721257
6,2019-08-20,-1.109164843
7,2019-08-20,-1.122957008
8,2019-08-20,-1.390637801
9,2019-08-20,-1.245463762
10,2019-08-20,-1.235213218
11,2019-08-20,-1.156788814
12,2019-08-20,-1.226352794
13,2019-08-20,-1.258188581
14,2019-08-20,-1.314257135
15,2019-08-20,-0.9561103842
16,2019-08-20,-1.314092022
17,2019-08-20,-1.358720689
18,2019-08-20,-1.411348684
19,2019-08-20,-1.369876139
20,2019-08-20,-1.248394569
21,2019-08-20,-1.236374043
22,2019-08-20,-1.014884408
23,2019-08-20,-1.331715736
24,2019-08-20,-1.322709144
1,2019-08-27,-1.088163828
2,2019-08-27,-1.1010771
3,2019-08-27,-1.034545753
4,2019-08-27,-0.8909892906
5,2019-08-27,-1.008055215
6,2019-08-27,-1.105176813
7,2019-08-27,-1.052814292
8,2019-08-27,-1.225640891
9,2019-08-27,-1.262560492
10,2019-08-27,-1.192891434
11,2019-08-27,-1.371522771
12,2019-08-27,-1.398217065
13,2019-08-27,-1.370001788
14,2019-08-27,-1.459703912
15,2019-08-27,-1.361110902
16,2019-08-27,-1.094320649
17,2019-08-27,-1.145573017
18,2019-08-27,-1.285413626
19,2019-08-27,-1.418505651
20,2019-08-27,-1.537460519
21,2019-08-27,-1.423517717
22,2019-08-27,-1.316648749
23,2019-08-27,-1.282680631
24,2019-08-27,-1.253063207
1,2019-09-03,-0.9166286356
2,2019-09-03,-0.9865274681
3,2019-09-03,-0.9718904501
4,2019-09-03,-0.9614619646
5,2019-09-03,-0.9325177422
6,2019-09-03,-0.9251509103
7,2019-09-03,-0.9058407333
8,2019-09-03,-1.020256595
9,2019-09-03,-0.9182301731
10,2019-09-03,-0.9806281095
11,2019-09-03,-0.8132737951
12,2019-09-03,-0.9284721869
13,2019-09-03,-0.7940860478
14,2019-09-03,-0.8784850343
15,2019-09-03,-0.8212554128
16,2019-09-03,-1.029480682
17,2019-09-03,-1.042962613
18,2019-09-03,-0.9520074195
19,2019-09-03,-0.9358840243
20,2019-09-03,-0.8056439653
21,2019-09-03,-0.7818325335
22,2019-09-03,-0.7813073148
23,2019-09-03,-0.8389876093
24,2019-09-03,-0.9779717348
1,2019-09-10,-0.9458447131
2,2019-09-10,-0.8171678707
3,2019-09-10,-0.8100170902
4,2019-09-10,-0.789332716
5,2019-09-10,-0.8260761805
6,2019-09-10,-0.8991650455
7,2019-09-10,-0.8680301971
8,2019-09-10,-1.08732997
9,2019-09-10,-1.130150229
10,2019-09-10,-1.129571634
11,2019-09-10,-1.087481726
12,2019-09-10,-1.130684924
13,2019-09-10,-1.066177934
14,2019-09-10,-1.004139387
15,2019-09-10,-1.045646316
16,2019-09-10,-0.9752091239
17,2019-09-10,-1.054477907
18,2019-09-10,-1.15970082
19,2019-09-10,-1.147561478
20,2019-09-10,-1.125713769
21,2019-09-10,-1.06816129
22,2019-09-10,-1.09310201
23,2019-09-10,-1.156761528
24,2019-09-10,-1.127689596
1,2019-09-17,-1.151139085
2,2019-09-17,-1.203187264
3,2019-09-17,-1.135516157
4,2019-09-17,-1.113457348
5,2019-09-17,-1.100453619
6,2019-09-17,-0.9813923184
7,2019-09-17,-0.9384969871
8,2019-09-17,-1.111968002
9,2019-09-17,-1.004819062
10,2019-09-17,-0.8955014004
11,2019-09-17,-1.001583271
12,2019-09-17,-0.8615016312
13,2019-09-17,-1.033427211
14,2019-09-17,-1.053747894
15,2019-09-17,-0.9577145645
16,2019-09-17,-1.096227505
17,2019-09-17,-1.099136422
18,2019-09-17,-1.077622271
19,2019-09-17,-0.8892125985
20,2019-09-17,-0.8793094734
21,2019-09-17,-1.050099623
22,2019-09-17,-0.8793603324
23,2019-09-17,-0.9526025728
24,2019-09-17,-0.9580120765
1,2019-09-24,-1.665084639
2,2019-09-24,-1.547880699
3,2019-09-24,-1.615023578
4,2019-09-24,-1.702843038
5,2019-09-24,-1.467532048
6,2019-09-24,-1.331914171
7,2019-09-24,-1.320719946
8,2019-09-24,-1.446889675
9,2019-09-24,-1.269097236
10,2019-09-24,-1.968140821
11,2019-09-24,-1.722315398
12,2019-09-24,-1.861134164
13,2019-09-24,-1.843535358
14,2019-09-24,-1.545976414
15,2019-09-24,-1.695961544
16,2019-09-24,-1.999130164
17,2019-09-24,-1.837443414
18,2019-09-24,-1.410960087
19,2019-09-24,-1.656631667
20,2019-09-24,-1.741358127
21,2019-09-24,-1.667761304
22,2019-09-24,-1.727229975
23,2019-09-24,-1.311138712
24,2019-09-24,-1.735998724
1,2019-10-01,-1.537830076
2,2019-10-01,-1.521953714
3,2019-10-01,-1.507760176
4,2019-10-01,-1.514331438
5,2019-10-01,-1.525255018
6,2019-10-01,-1.447137112
7,2019-10-01,-1.500370246
8,2019-10-01,-1.275143353
9,2019-10-01,-1.379746225
10,2019-10-01,-1.055628248
11,2019-10-01,-1.442862369
12,2019-10-01,-1.08058892
13,2019-10-01,-1.137943273
14,2019-10-01,-1.549669333
15,2019-10-01,-1.402051338
16,2019-10-01,-1.236814863
17,2019-10-01,-1.187872799
18,2019-10-01,-1.256325201
19,2019-10-01,-1.120975906
20,2019-10-01,-1.282240984
21,2019-10-01,-1.515004425
22,2019-10-01,-1.29369731
23,2019-10-01,-1.436426035
24,2019-10-01,-1.019815228
1,2019-10-08,-1.701347744
2,2019-10-08,-1.761677393
3,2019-10-08,-1.671152213
4,2019-10-08,-1.659657185
5,2019-10-08,-1.726642541
6,2019-10-08,-1.542496839
7,2019-10-08,-1.621989001
8,2019-10-08,-1.487720058
9,2019-10-08,-1.537630459
10,2019-10-08,-1.579493869
11,2019-10-08,-1.718214287
12,2019-10-08,-1.637385425
13,2019-10-08,-1.692310493
14,2019-10-08,-1.583395438
15,2019-10-08,-1.772953513
16,2019-10-08,-1.648151687
17,2019-10-08,-1.506318553
18,2019-10-08,-1.498458901
19,2019-10-08,-1.482425003
20,2019-10-08,-1.594230513
21,2019-10-08,-1.652634394
22,2019-10-08,-1.602994834
23,2019-10-08,-1.606312576
24,2019-10-08,-1.499267227
1,2019-10-15,-1.162633074
2,2019-10-15,-1.184002566
3,2019-10-15,-1.173670014
4,2019-10-15,-1.185219038
5,2019-10-15,-1.182546417
6,2019-10-15,-1.181538357
7,2019-10-15,-1.186074552
8,2019-10-15,-1.16610509
9,2019-10-15,-1.166677721
10,2019-10-15,-1.260309471
11,2019-10-15,-1.337346129
12,2019-10-15,-1.307685351
13,2019-10-15,-1.326882095
14,2019-10-15,-1.224795491
15,2019-10-15,-1.279729471
16,2019-10-15,-1.199872523
17,2019-10-15,-1.182053623
18,2019-10-15,-1.147389777
19,2019-10-15,-1.217807649
20,2019-10-15,-1.294971036
21,2019-10-15,-1.317539655
22,2019-10-15,-1.337470054
23,2019-10-15,-1.162524004
24,2019-10-15,-1.205486733
1,2019-10-22,-0.9410235607
2,2019-10-22,-0.9687812865
3,2019-10-22,-0.9422319286
4,2019-10-22,-0.9152403819
5,2019-10-22,-0.9610727887
6,2019-10-22,-0.9552026758
7,2019-10-22,-0.9428731169
8,2019-10-22,-0.9573251039
9,2019-10-22,-0.9092769795
10,2019-10-22,-0.9858570292
11,2019-10-22,-0.8020900453
12,2019-10-22,-0.9276218937
13,2019-10-22,-0.8691623097
14,2019-10-22,-0.8542519364
15,2019-10-22,-0.824649919
16,2019-10-22,-1.031387341
17,2019-10-22,-1.005985199
18,2019-10-22,-0.8849890531
19,2019-10-22,-0.8981417919
20,2019-10-22,-0.868356496
21,2019-10-22,-0.8129497053
22,2019-10-22,-0.8142468725
23,2019-10-22,-0.8680342079
24,2019-10-22,-0.9416616006
1,2019-10-29,-1.729839822
2,2019-10-29,-1.674839583
3,2019-10-29,-1.679168707
4,2019-10-29,-1.692301515
5,2019-10-29,-1.638911872
6,2019-10-29,-1.669689997
7,2019-10-29,-1.620835601
8,2019-10-29,-1.57438306
9,2019-10-29,-1.5050293
10,2019-10-29,-1.485991582
11,2019-10-29,-1.606406696
12,2019-10-29,-1.719031535
13,2019-10-29,-1.68997483
14,2019-10-29,-1.492329623
15,2019-10-29,-1.53190928
16,2019-10-29,-1.565200116
17,2019-10-29,-1.575342019
18,2019-10-29,-1.40430823
19,2019-10-29,-1.407567696
20,2019-10-29,-1.581209935
21,2019-10-29,-1.610873657
22,2019-10-29,-1.562775552
23,2019-10-29,-1.458447985
24,2019-10-29,-1.412100575
1,2019-11-05,-0.99442924
2,2019-11-05,-1.057810608
3,2019-11-05,-0.9518772267
4,2019-11-05,-0.977422914
5,2019-11-05,-1.090508711
6,2019-11-05,-1.141315127
7,2019-11-05,-1.079857884
8,2019-11-05,-1.169348648
9,2019-11-05,-1.1610119
10,2019-11-05,-1.32161258
11,2019-11-05,-1.404423592
12,2019-11-05,-1.212720591
13,2019-11-05,-1.308741589
14,2019-11-05,-1.296077879
15,2019-11-05,-1.289793995
16,2019-11-05,-1.305377957
17,2019-11-05,-1.21684025
18,2019-11-05,-1.232100671
19,2019-11-05,-1.247454575
20,2019-11-05,-1.313369883
21,2019-11-05,-1.407865251
22,2019-11-05,-1.282663467
23,2019-11-05,-1.223404752
24,2019-11-05,-1.251792217
1,2019-11-12,-1.233218795
2,2019-11-12,-1.222799691
3,2019-11-12,-1.220842536
4,2019-11-12,-1.231411531
5,2019-11-12,-1.225981981
6,2019-11-12,-1.211482543
7,2019-11-12,-1.225202204
8,2019-11-12,-1.186002804
9,2019-11-12,-1.159503196
10,2019-11-12,-1.228706234
11,2019-11-12,-1.302314093
12,2019-11-12,-1.248257829
13,2019-11-12,-1.294469945
14,2019-11-12,-1.116079576
15,2019-11-12,-1.303968551
16,2019-11-12,-1.23106309
17,2019-11-12,-1.214722894
18,2019-11-12,-1.087104712
19,2019-11-12,-1.123738261
20,2019-11-12,-1.221147712
21,2019-11-12,-1.215304174
22,2019-11-12,-1.279549871
23,2019-11-12,-1.101344085
24,2019-11-12,-1.168346657
1,2019-11-19,-1.309777914
2,2019-11-19,-1.288917112
3,2019-11-19,-1.273464408
4,2019-11-19,-1.289334089
5,2019-11-19,-1.29189991
6,2019-11-19,-1.252934937
7,2019-11-19,-1.206920296
8,2019-11-19,-1.250106109
9,2019-11-19,-1.215688375
10,2019-11-19,-1.29271331
11,2019-11-19,-1.437153426
12,2019-11-19,-1.326619504
13,2019-11-19,-1.410644421
14,2019-11-19,-1.196870625
15,2019-11-19,-1.458523038
16,2019-11-19,-1.30690902
17,2019-11-19,-1.265060524
18,2019-11-19,-1.14731309
19,2019-11-19,-1.164853752
20,2019-11-19,-1.283120991
21,2019-11-19,-1.299196698
22,2019-11-19,-1.388618309
23,2019-11-19,-1.192665356
24,2019-11-19,-1.210123904
1,2019-11-26,-1.181580317
2,2019-11-26,-1.165068901
3,2019-11-26,-1.153466363
4,2019-11-26,-1.155262368
5,2019-11-26,-1.158785102
6,2019-11-26,-1.174163476
7,2019-11-26,-1.142279255
8,2019-11-26,-1.133894628
9,2019-11-26,-1.103929795
10,2019-11-26,-1.201918971
11,2019-11-26,-1.238041326
12,2019-11-26,-1.244992983
13,2019-11-26,-1.282710004
14,2019-11-26,-1.036163838
15,2019-11-26,-1.203971655
16,2019-11-26,-1.205105404
17,2019-11-26,-1.155972717
18,2019-11-26,-1.043530057
19,2019-11-26,-1.044590654
20,2019-11-26,-1.145683049
21,2019-11-26,-1.161982453
22,2019-11-26,-1.237675343
23,2019-11-26,-1.046405221
24,2019-11-26,-1.106854795
1,2019-12-03,-1.130663609
2,2019-12-03,-1.071069856
3,2019-12-03,-1.067518765
4,2019-12-03,-1.154405483
5,2019-12-03,-1.093882413
6,2019-12-03,-1.129104904
7,2019-12-03,-1.122381793
8,2019-12-03,-1.139856405
9,2019-12-03,-1.104724921
10,2019-12-03,-1.039597013
11,2019-12-03,-1.264224928
12,2019-12-03,-1.043636247
13,2019-12-03,-1.126508191
14,2019-12-03,-0.9081735028
15,2019-12-03,-1.25203449
16,2019-12-03,-1.102035851
17,2019-12-03,-1.127927259
18,2019-12-03,-1.009218514
19,2019-12-03,-0.8870535816
20,2019-12-03,-0.937796872
21,2019-12-03,-1.118837306
22,2019-12-03,-1.192322941
23,2019-12-03,-1.033132361
24,2019-12-03,-0.9712546539
1,2019-12-10,-1.467160214
2,2019-12-10,-1.400888273
3,2019-12-10,-1.432175681
4,2019-12-10,-1.477912348
5,2019-12-10,-1.420709349
6,2019-12-10,-1.437835776
7,2019-12-10,-1.449465057
8,2019-12-10,-1.411002921
9,2019-12-10,-1.404028346
10,2019-12-10,-1.33855251
11,2019-12-10,-1.540146215
12,2019-12-10,-1.398252445
13,2019-12-10,-1.449714455
14,2019-12-10,-1.42135585
15,2019-12-10,-1.513755647
16,2019-12-10,-1.377433909
17,2019-12-10,-1.404302618
18,2019-12-10,-1.382827189
19,2019-12-10,-1.394219137
20,2019-12-10,-1.457226335
21,2019-12-10,-1.482710016
22,2019-12-10,-1.472322356
23,2019-12-10,-1.396354226
24,2019-12-10,-1.364037632
1,2019-12-17,-1.109218099
2,2019-12-17,-1.131462412
3,2019-12-17,-1.125842558
4,2019-12-17,-1.108287363
5,2019-12-17,-1.127399844
6,2019-12-17,-1.10135699
7,2019-12-17,-1.084141168
8,2019-12-17,-1.022922039
9,2019-12-17,-0.9836909701
10,2019-12-17,-1.063789595
11,2019-12-17,-1.291207478
12,2019-12-17,-1.113119268
13,2019-12-17,-1.249308593
14,2019-12-17,-1.054845612
15,2019-12-17,-1.226237889
16,2019-12-17,-1.118108337
17,2019-12-17,-1.0918201
18,2019-12-17,-0.9590907378
19,2019-12-17,-1.025772532
20,2019-12-17,-1.154173315
21,2019-12-17,-1.202151913
22,2019-12-17,-1.246746051
23,2019-12-17,-0.9678969037
24,2019-12-17,-1.009474512
1,2019-12-24,-1.017252009
2,2019-12-24,-0.9930614789
3,2019-12-24,-0.9738210683
4,2019-12-24,-0.9749367132
5,2019-12-24,-0.9877444444
6,2019-12-24,-0.9728500669
7,2019-12-24,-0.9605796256
8,2019-12-24,-0.890674469
9,2019-12-24,-0.9386847874
10,2019-12-24,-1.056492542
11,2019-12-24,-1.053797975
12,2019-12-24,-1.077145058
13,2019-12-24,-1.056312242
14,2019-12-24,-0.9640151495
15,2019-12-24,-1.049546367
16,2019-12-24,-1.013251714
17,2019-12-24,-0.9144587608
18,2019-12-24,-0.8761408962
19,2019-12-24,-0.909413311
20,2019-12-24,-1.002221599
21,2019-12-24,-1.002132903
22,2019-12-24,-0.9894699247
23,2019-12-24,-0.9388030037
24,2019-12-24,-0.8986283018
1,2019-12-31,-1.385520655
2,2019-12-31,-1.349357454
3,2019-12-31,-1.355683821
4,2019-12-31,-1.408678939
5,2019-12-31,-1.337005352
6,2019-12-31,-1.354163844
7,2019-12-31,-1.359681303
8,2019-12-31,-1.325814417
9,2019-12-31,-1.32911816
10,2019-12-31,-1.361285318
11,2019-12-31,-1.482184629
12,2019-12-31,-1.405209984
13,2019-12-31,-1.452300325
14,2019-12-31,-1.32282995
15,2019-12-31,-1.474071829
16,2019-12-31,-1.378846836
17,2019-12-31,-1.324997462
18,2019-12-31,-1.25135074
19,2019-12-31,-1.270453794
20,2019-12-31,-1.372675573
21,2019-12-31,-1.408810934
22,2019-12-31,-1.447245818
23,2019-12-31,-1.308356336
24,2019-12-31,-1.283561379
1,2020-01-07,-1.550891616
2,2020-01-07,-1.504730589
3,2020-01-07,-1.515343184
4,2020-01-07,-1.540751401
5,2020-01-07,-1.519812916
6,2020-01-07,-1.591486601
7,2020-01-07,-1.570778705
8,2020-01-07,-1.601106867
9,2020-01-07,-1.544546744
10,2020-01-07,-1.546388742
11,2020-01-07,-1.615847031
12,2020-01-07,-1.575768775
13,2020-01-07,-1.573055792
14,2020-01-07,-1.519725977
15,2020-01-07,-1.645845722
16,2020-01-07,-1.602707346
17,2020-01-07,-1.612646244
18,2020-01-07,-1.481296601
19,2020-01-07,-1.504776769
20,2020-01-07,-1.55598731
21,2020-01-07,-1.607619358
22,2020-01-07,-1.601808047
23,2020-01-07,-1.497457628
24,2020-01-07,-1.538756298
1,2020-01-14,-1.305347421
2,2020-01-14,-1.287404467
3,2020-01-14,-1.287883852
4,2020-01-14,-1.306577233
5,2020-01-14,-1.299640557
6,2020-01-14,-1.283996449
7,2020-01-14,-1.315800376
8,2020-01-14,-1.279100864
9,2020-01-14,-1.277898524
10,2020-01-14,-1.26468883
11,2020-01-14,-1.475503057
12,2020-01-14,-1.343940349
13,2020-01-14,-1.411336444
14,2020-01-14,-1.301541128
15,2020-01-14,-1.457448077
16,2020-01-14,-1.274170162
17,2020-01-14,-1.278218483
18,2020-01-14,-1.234576787
19,2020-01-14,-1.287071473
20,2020-01-14,-1.385890541
21,2020-01-14,-1.416006601
22,2020-01-14,-1.45847626
23,2020-01-14,-1.268598523
24,2020-01-14,-1.252178629
1,2020-01-21,-1.30330363
2,2020-01-21,-1.280530211
3,2020-01-21,-1.290668978
4,2020-01-21,-1.312959782
5,2020-01-21,-1.292648808
6,2020-01-21,-1.28861875
7,2020-01-21,-1.289701366
8,2020-01-21,-1.247850928
9,2020-01-21,-1.227430331
10,2020-01-21,-1.275662947
11,2020-01-21,-1.357874129
12,2020-01-21,-1.310772453
13,2020-01-21,-1.357972397
14,2020-01-21,-1.208321237
15,2020-01-21,-1.356477963
16,2020-01-21,-1.3023346
17,2020-01-21,-1.264903882
18,2020-01-21,-1.173206492
19,2020-01-21,-1.209873633
20,2020-01-21,-1.290065484
21,2020-01-21,-1.29320488
22,2020-01-21,-1.36294358
23,2020-01-21,-1.202798117
24,2020-01-21,-1.212495359
1,2020-01-28,-1.518740967
2,2020-01-28,-1.415700746
3,2020-01-28,-1.440866582
4,2020-01-28,-1.440308193
5,2020-01-28,-1.395594653
6,2020-01-28,-1.4320389
7,2020-01-28,-1.39811791
8,2020-01-28,-1.419613034
9,2020-01-28,-1.388712453
10,2020-01-28,-1.478069883
11,2020-01-28,-1.534273575
12,2020-01-28,-1.552843647
13,2020-01-28,-1.593070372
14,2020-01-28,-1.375380432
15,2020-01-28,-1.45552652
16,2020-01-28,-1.522989552
17,2020-01-28,-1.467864216
18,2020-01-28,-1.29189866
19,2020-01-28,-1.338973549
20,2020-01-28,-1.451666826
21,2020-01-28,-1.457632563
22,2020-01-28,-1.464169432
23,2020-01-28,-1.341334324
24,2020-01-28,-1.354558297
1,2020-02-04,-1.435284879
2,2020-02-04,-1.411389153
3,2020-02-04,-1.413142
4,2020-02-04,-1.427951952
5,2020-02-04,-1.403899365
6,2020-02-04,-1.388356191
7,2020-02-04,-1.408306114
8,2020-02-04,-1.353532525
9,2020-02-04,-1.322892764
10,2020-02-04,-1.395613076
11,2020-02-04,-1.538806549
12,2020-02-04,-1.450915962
13,2020-02-04,-1.517872578
14,2020-02-04,-1.348617365
15,2020-02-04,-1.507987141
16,2020-02-04,-1.412790312
17,2020-02-04,-1.37076497
18,2020-02-04,-1.287824074
19,2020-02-04,-1.346189204
20,2020-02-04,-1.463661317
21,2020-02-04,-1.459662657
22,2020-02-04,-1.49755194
23,2020-02-04,-1.293477664
24,2020-02-04,-1.32037858
1,2020-02-11,-1.207916055
2,2020-02-11,-1.169496938
3,2020-02-11,-1.184039435
4,2020-02-11,-1.215557805
5,2020-02-11,-1.104982718
6,2020-02-11,-1.006730425
7,2020-02-11,-1.105579674
8,2020-02-11,-0.9472526913
9,2020-02-11,-0.9664059133
10,2020-02-11,-1.002899795
11,2020-02-11,-1.046126515
12,2020-02-11,-0.9689456638
13,2020-02-11,-0.9652907271
14,2020-02-11,-0.8794216098
15,2020-02-11,-1.090358654
16,2020-02-11,-1.141108914
17,2020-02-11,-1.149806785
18,2020-02-11,-0.8933165078
19,2020-02-11,-0.919702577
20,2020-02-11,-0.8791527243
21,2020-02-11,-0.9686810174
22,2020-02-11,-0.9773814483
23,2020-02-11,-0.9077140144
24,2020-02-11,-1.056121808
1,2020-02-18,-1.37941921
2,2020-02-18,-1.329587772
3,2020-02-18,-1.327890296
4,2020-02-18,-1.35975499
5,2020-02-18,-1.302442092
6,2020-02-18,-1.2960395
7,2020-02-18,-1.318658551
8,2020-02-18,-1.239519045
9,2020-02-18,-1.245539171
10,2020-02-18,-1.217278657
11,2020-02-18,-1.429380907
12,2020-02-18,-1.248817683
13,2020-02-18,-1.321993794
14,2020-02-18,-1.294657447
15,2020-02-18,-1.370717168
16,2020-02-18,-1.261714655
17,2020-02-18,-1.235299535
18,2020-02-18,-1.185146787
19,2020-02-18,-1.176933591
20,2020-02-18,-1.291021189
21,2020-02-18,-1.357382207
22,2020-02-18,-1.335719372
23,2020-02-18,-1.272887498
24,2020-02-18,-1.161281821
1,2020-02-25,-1.263812839
2,2020-02-25,-1.255895541
3,2020-02-25,-1.232584034
4,2020-02-25,-1.275962848
5,2020-02-25,-1.336990609
6,2020-02-25,-1.364937533
7,2020-02-25,-1.344514433
8,2020-02-25,-1.381450337
9,2020-02-25,-1.363927108
10,2020-02-25,-1.38022682
11,2020-02-25,-1.459747891
12,2020-02-25,-1.399680418
13,2020-02-25,-1.416132877
14,2020-02-25,-1.375069527
15,2020-02-25,-1.412513711
16,2020-02-25,-1.425161657
17,2020-02-25,-1.391622709
18,2020-02-25,-1.337910562
19,2020-02-25,-1.335803572
20,2020-02-25,-1.406947454
21,2020-02-25,-1.429105882
22,2020-02-25,-1.409374952
23,2020-02-25,-1.368057604
24,2020-02-25,-1.322337301
1,2020-03-03,-1.130015783
2,2020-03-03,-1.068992995
3,2020-03-03,-1.081567608
4,2020-03-03,-1.151334236
5,2020-03-03,-1.077281879
6,2020-03-03,-1.054549548
7,2020-03-03,-1.114610217
8,2020-03-03,-1.01251969
9,2020-03-03,-1.023776101
10,2020-03-03,-0.9672586618
11,2020-03-03,-1.115908585
12,2020-03-03,-1.071445664
13,2020-03-03,-1.090313401
14,2020-03-03,-1.051089052
15,2020-03-03,-1.119465722
16,2020-03-03,-1.021034504
17,2020-03-03,-0.9927561536
18,2020-03-03,-0.9686065268
19,2020-03-03,-0.992274875
20,2020-03-03,-1.034812299
21,2020-03-03,-1.086290718
22,2020-03-03,-1.074418968
23,2020-03-03,-1.059308136
24,2020-03-03,-0.9698478474
1,2020-03-10,-1.134523874
2,2020-03-10,-0.9541859538
3,2020-03-10,-1.04036624
4,2020-03-10,-1.129554876
5,2020-03-10,-1.007318696
6,2020-03-10,-1.050224211
7,2020-03-10,-1.092383405
8,2020-03-10,-1.067288431
9,2020-03-10,-1.028991219
10,2020-03-10,-0.9821753058
11,2020-03-10,-1.234162276
12,2020-03-10,-1.037875482
13,2020-03-10,-1.120653566
14,2020-03-10,-1.077595724
15,2020-03-10,-1.188358362
16,2020-03-10,-1.050116853
17,2020-03-10,-1.038995433
18,2020-03-10,-0.9912845481
19,2020-03-10,-1.034846804
20,2020-03-10,-1.171174723
21,2020-03-10,-1.178093744
22,2020-03-10,-1.19097062
23,2020-03-10,-1.01378373
24,2020-03-10,-0.9959400927
1,2020-03-17,-1.095273669
2,2020-03-17,-1.059755386
3,2020-03-17,-1.056942292
4,2020-03-17,-1.0998795
5,2020-03-17,-1.065630423
6,2020-03-17,-1.065136926
7,2020-03-17,-1.066516053
8,2020-03-17,-1.033832369
9,2020-03-17,-1.013062956
10,2020-03-17,-1.085191415
11,2020-03-17,-1.165100179
12,2020-03-17,-1.127488196
13,2020-03-17,-1.179370486
14,2020-03-17,-0.9826246906
15,2020-03-17,-1.129614661
16,2020-03-17,-1.13341065
17,2020-03-17,-1.050962237
18,2020-03-17,-0.8991100288
19,2020-03-17,-0.9467893833
20,2020-03-17,-1.062015961
21,2020-03-17,-1.106768249
22,2020-03-17,-1.120325651
23,2020-03-17,-0.9826916906
24,2020-03-17,-0.9384823662
1,2020-03-24,-1.22778228
2,2020-03-24,-1.18189626
3,2020-03-24,-1.184723028
4,2020-03-24,-1.214404288
5,2020-03-24,-1.183008544
6,2020-03-24,-1.156237419
7,2020-03-24,-1.166284751
8,2020-03-24,-1.144289241
9,2020-03-24,-1.116619655
10,2020-03-24,-1.158531341
11,2020-03-24,-1.155260676
12,2020-03-24,-1.19914291
13,2020-03-24,-1.226567092
14,2020-03-24,-1.120239983
15,2020-03-24,-1.166913574
16,2020-03-24,-1.173754582
17,2020-03-24,-1.149977474
18,2020-03-24,-1.03560345
19,2020-03-24,-1.129915728
20,2020-03-24,-1.180338142
21,2020-03-24,-1.144537451
22,2020-03-24,-1.159651926
23,2020-03-24,-1.0587367
24,2020-03-24,-1.101415254
1,2020-03-31,-1.055890857
2,2020-03-31,-1.043389354
3,2020-03-31,-1.047173568
4,2020-03-31,-1.082719843
5,2020-03-31,-1.026047215
6,2020-03-31,-0.986998223
7,2020-03-31,-1.007150049
8,2020-03-31,-0.9905619756
9,2020-03-31,-0.9526092408
10,2020-03-31,-1.020743037
11,2020-03-31,-1.099599951
12,2020-03-31,-1.062141742
13,2020-03-31,-1.11014166
14,2020-03-31,-0.9360366148
15,2020-03-31,-1.054888304
16,2020-03-31,-1.063353036
17,2020-03-31,-1.001978361
18,2020-03-31,-0.8723100659
19,2020-03-31,-0.9113289158
20,2020-03-31,-1.031776453
21,2020-03-31,-1.053338125
22,2020-03-31,-1.049783564
23,2020-03-31,-0.9488033714
24,2020-03-31,-0.9077954279
1,2020-04-07,-0.5695964524
2,2020-04-07,-0.555792204
3,2020-04-07,-0.5611859101
4,2020-04-07,-0.5531165584
5,2020-04-07,-0.5632478272
6,2020-04-07,-0.6045030724
7,2020-04-07,-0.5682626885
8,2020-04-07,-0.6330606648
9,2020-04-07,-0.5688596542
10,2020-04-07,-0.6997950968
11,2020-04-07,-0.7451561135
12,2020-04-07,-0.7352523075
13,2020-04-07,-0.8018523916
14,2020-04-07,-0.5570183961
15,2020-04-07,-0.7293616548
16,2020-04-07,-0.7116553042
17,2020-04-07,-0.6564968114
18,2020-04-07,-0.5373581412
19,2020-04-07,-0.5828119586
20,2020-04-07,-0.6997547721
21,2020-04-07,-0.6810119593
22,2020-04-07,-0.7301664025
23,2020-04-07,-0.5094407217
24,2020-04-07,-0.5910196751
1,2020-04-14,-0.5060004768
2,2020-04-14,-0.5465650579
3,2020-04-14,-0.5176369388
4,2020-04-14,-0.5096965462
5,2020-04-14,-0.5326905265
6,2020-04-14,-0.5170659788
7,2020-04-14,-0.5121701441
8,2020-04-14,-0.5339106708
9,2020-04-14,-0.5122188772
10,2020-04-14,-0.5934824359
11,2020-04-14,-0.657969851
12,2020-04-14,-0.624437514
13,2020-04-14,-0.6799468295
14,2020-04-14,-0.5135390318
15,2020-04-14,-0.6453928695
16,2020-04-14,-0.6132881757
17,2020-04-14,-0.5854147191
18,2020-04-14,-0.4937509325
19,2020-04-14,-0.5382711368
20,2020-04-14,-0.6176679623
21,2020-04-14,-0.5935605175
22,2020-04-14,-0.6698367459
23,2020-04-14,-0.5006341274
24,2020-04-14,-0.5439095843
1,2020-04-21,-1.01641458
2,2020-04-21,-0.9990586536
3,2020-04-21,-0.9885164433
4,2020-04-21,-0.9917588131
5,2020-04-21,-0.9912052662
6,2020-04-21,-0.9895370918
7,2020-04-21,-1.010250923
8,2020-04-21,-0.9565024004
9,2020-04-21,-0.9605481016
10,2020-04-21,-1.010250521
11,2020-04-21,-1.112447475
12,2020-04-21,-1.083661699
13,2020-04-21,-1.117024745
14,2020-04-21,-0.9643052166
15,2020-04-21,-1.088332029
16,2020-04-21,-1.05309781
17,2020-04-21,-0.9931167637
18,2020-04-21,-0.8449690548
19,2020-04-21,-0.914243907
20,2020-04-21,-1.024302905
21,2020-04-21,-1.078498556
22,2020-04-21,-1.082386762
23,2020-04-21,-0.9518291149
24,2020-04-21,-0.8994952447
1,2020-04-28,-0.695346386
2,2020-04-28,-0.6649084218
3,2020-04-28,-0.7082134762
4,2020-04-28,-0.7343735554
5,2020-04-28,-0.6537469239
6,2020-04-28,-0.7223755598
7,2020-04-28,-0.6986615786
8,2020-04-28,-0.7377288516
9,2020-04-28,-0.6840262046
10,2020-04-28,-0.816020406
11,2020-04-28,-0.9469007418
12,2020-04-28,-0.8755729008
13,2020-04-28,-0.9620230808
14,2020-04-28,-0.6619967926
15,2020-04-28,-0.9010919524
16,2020-04-28,-0.8240762358
17,2020-04-28,-0.77242798
18,2020-04-28,-0.6224968554
19,2020-04-28,-0.6682031542
20,2020-04-28,-0.8106018735
21,2020-04-28,-0.8418912183
22,2020-04-28,-0.883104966
23,2020-04-28,-0.6500789733
24,2020-04-28,-0.6870923913
1,2020-05-05,-0.8951111117
2,2020-05-05,-0.8664371658
3,2020-05-05,-0.8698251203
4,2020-05-05,-0.9113794734
5,2020-05-05,-0.8824183686
6,2020-05-05,-0.8842435329
7,2020-05-05,-0.8670249445
8,2020-05-05,-0.8692763326
9,2020-05-05,-0.8477961004
10,2020-05-05,-0.9539358063
11,2020-05-05,-1.03750845
12,2020-05-05,-0.9856381473
13,2020-05-05,-1.046962151
14,2020-05-05,-0.8278406512
15,2020-05-05,-0.9873580138
16,2020-05-05,-0.9401280187
17,2020-05-05,-0.8811103723
18,2020-05-05,-0.7882954113
19,2020-05-05,-0.8001401595
20,2020-05-05,-0.9332166372
21,2020-05-05,-0.935356867
22,2020-05-05,-0.9873815441
23,2020-05-05,-0.8525532114
24,2020-05-05,-0.8330426036
1,2020-05-12,-1.060322005
2,2020-05-12,-1.013641912
3,2020-05-12,-1.027167906
4,2020-05-12,-1.040820423
5,2020-05-12,-0.9925609013
6,2020-05-12,-0.9381877852
7,2020-05-12,-0.9551634238
8,2020-05-12,-0.8811063853
9,2020-05-12,-0.899340169
10,2020-05-12,-0.9075503252
11,2020-05-12,-1.067640678
12,2020-05-12,-0.9600705516
13,2020-05-12,-1.02916202
14,2020-05-12,-0.9071393263
15,2020-05-12,-1.067743062
16,2020-05-12,-0.9485530436
17,2020-05-12,-0.8784833682
18,2020-05-12,-0.8153445999
19,2020-05-12,-0.8028301246
20,2020-05-12,-0.9197902252
21,2020-05-12,-0.9807024803
22,2020-05-12,-1.022365749
23,2020-05-12,-0.89903962
24,2020-05-12,-0.787313838
1,2020-05-19,-0.6631429619
2,2020-05-19,-0.6307555944
3,2020-05-19,-0.614098827
4,2020-05-19,-0.6684738034
5,2020-05-19,-0.6506026931
6,2020-05-19,-0.6696303156
7,2020-05-19,-0.6806999592
8,2020-05-19,-0.6723360971
9,2020-05-19,-0.6278955646
10,2020-05-19,-0.8103574908
11,2020-05-19,-0.8825635545
12,2020-05-19,-0.8602773901
13,2020-05-19,-0.9408874322
14,2020-05-19,-0.6712199007
15,2020-05-19,-0.8432155084
16,2020-05-19,-0.822882725
17,2020-05-19,-0.7145110451
18,2020-05-19,-0.6153259819
19,2020-05-19,-0.6182883531
20,2020-05-19,-0.7800027944
21,2020-05-19,-0.7808761163
22,2020-05-19,-0.804439571
23,2020-05-19,-0.575375612
24,2020-05-19,-0.6494914165
1,2020-05-26,-1.203485235
2,2020-05-26,-1.163616551
3,2020-05-26,-1.164433712
4,2020-05-26,-1.189562318
5,2020-05-26,-1.131417478
6,2020-05-26,-1.173414263
7,2020-05-26,-1.153753733
8,2020-05-26,-1.115616736
9,2020-05-26,-1.130452801
10,2020-05-26,-1.238264548
11,2020-05-26,-1.365472458
12,2020-05-26,-1.342279783
13,2020-05-26,-1.419502233
14,2020-05-26,-1.130570249
15,2020-05-26,-1.339540137
16,2020-05-26,-1.2138305
17,2020-05-26,-1.14340432
18,2020-05-26,-1.032284561
19,2020-05-26,-1.106063624
20,2020-05-26,-1.223828164
21,2020-05-26,-1.25209157
22,2020-05-26,-1.303056795
23,2020-05-26,-1.124684088
24,2020-05-26,-1.097396568
1,2020-06-02,-1.181265065
2,2020-06-02,-1.135380594
3,2020-06-02,-1.123372022
4,2020-06-02,-1.108165397
5,2020-06-02,-1.139791886
6,2020-06-02,-1.142265876
7,2020-06-02,-1.139297914
8,2020-06-02,-1.080776784
9,2020-06-02,-1.070077544
10,2020-06-02,-1.198242059
11,2020-06-02,-1.31555868
12,2020-06-02,-1.251391024
13,2020-06-02,-1.228063853
14,2020-06-02,-1.181100721
15,2020-06-02,-1.378218846
16,2020-06-02,-1.210868975
17,2020-06-02,-1.147286705
18,2020-06-02,-1.076810167
19,2020-06-02,-1.113292969
20,2020-06-02,-1.155159359
21,2020-06-02,-1.213999437
22,2020-06-02,-1.296065237
23,2020-06-02,-1.088130113
24,2020-06-02,-1.120556687
1,2020-06-09,-1.442975139
2,2020-06-09,-1.333107436
3,2020-06-09,-1.34950408
4,2020-06-09,-1.340332159
5,2020-06-09,-1.335164197
6,2020-06-09,-1.360383699
7,2020-06-09,-1.400982764
8,2020-06-09,-1.304264744
9,2020-06-09,-1.310109149
10,2020-06-09,-1.142115662
11,2020-06-09,-1.416191129
12,2020-06-09,-1.347500976
13,2020-06-09,-1.353067645
14,2020-06-09,-1.503715403
15,2020-06-09,-1.292794444
16,2020-06-09,-1.458725401
17,2020-06-09,-1.302103358
18,2020-06-09,-1.294891224
19,2020-06-09,-1.359367946
20,2020-06-09,-1.447824126
21,2020-06-09,-1.516388409
22,2020-06-09,-1.321724009
23,2020-06-09,-1.383841302
24,2020-06-09,-1.232363493
1,2020-06-16,-1.533203327
2,2020-06-16,-1.417419711
3,2020-06-16,-1.432356928
4,2020-06-16,-1.346817345
5,2020-06-16,-1.295453665
6,2020-06-16,-1.143574379
7,2020-06-16,-1.325496743
8,2020-06-16,-1.077521329
9,2020-06-16,-1.200998557
10,2020-06-16,-0.9300860814
11,2020-06-16,-1.375598914
12,2020-06-16,-1.038675029
13,2020-06-16,-1.226050705
14,2020-06-16,-1.47561824
15,2020-06-16,-1.464826718
16,2020-06-16,-1.217983896
17,2020-06-16,-1.024747974
18,2020-06-16,-1.099143175
19,2020-06-16,-1.170055019
20,2020-06-16,-1.32964088
21,2020-06-16,-1.404103964
22,2020-06-16,-1.149351246
23,2020-06-16,-1.308480314
24,2020-06-16,-0.9414647295
1,2020-06-23,-1.788967686
2,2020-06-23,-1.694007752
3,2020-06-23,-1.704549359
4,2020-06-23,-1.687824998
5,2020-06-23,-1.634690878
6,2020-06-23,-1.492300367
7,2020-06-23,-1.505218354
8,2020-06-23,-1.422913656
9,2020-06-23,-1.423238231
10,2020-06-23,-1.230138867
11,2020-06-23,-1.706568032
12,2020-06-23,-1.275779389
13,2020-06-23,-1.426199011
14,2020-06-23,-1.719689083
15,2020-06-23,-1.589135861
16,2020-06-23,-1.495236144
17,2020-06-23,-1.423156427
18,2020-06-23,-1.387262959
19,2020-06-23,-1.324225144
20,2020-06-23,-1.470039932
21,2020-06-23,-1.731822778
22,2020-06-23,-1.470283766
23,2020-06-23,-1.569814547
24,2020-06-23,-1.189554331
1,2020-06-30,-1.355350171
2,2020-06-30,-1.165862597
3,2020-06-30,-1.277287336
4,2020-06-30,-1.203660731
5,2020-06-30,-1.1552297
6,2020-06-30,-1.275779203
7,2020-06-30,-1.129846925
8,2020-06-30,-1.437347621
9,2020-06-30,-1.31400325
10,2020-06-30,-1.38517329
11,2020-06-30,-1.439785247
12,2020-06-30,-1.285240065
13,2020-06-30,-1.176614141
14,2020-06-30,-1.520531577
15,2020-06-30,-1.468199566
16,2020-06-30,-1.67235607
17,2020-06-30,-1.550582152
18,2020-06-30,-1.198442194
19,2020-06-30,-1.094709011
20,2020-06-30,-1.303035196
21,2020-06-30,-1.565546991
22,2020-06-30,-1.208193154
23,2020-06-30,-1.300607421
24,2020-06-30,-1.122160131
1,2020-07-07,-1.496647965
2,2020-07-07,-1.505004006
3,2020-07-07,-1.53041999
4,2020-07-07,-1.555031858
5,2020-07-07,-1.449205995
6,2020-07-07,-1.200778416
7,2020-07-07,-1.394148356
8,2020-07-07,-1.018260062
9,2020-07-07,-1.064092511
10,2020-07-07,-0.7303628568
11,2020-07-07,-1.193255989
12,2020-07-07,-1.083364602
13,2020-07-07,-1.250380215
14,2020-07-07,-1.229934926
15,2020-07-07,-1.060760553
16,2020-07-07,-0.8954336116
17,2020-07-07,-1.013072729
18,2020-07-07,-1.055555362
19,2020-07-07,-1.173381373
20,2020-07-07,-1.312273889
21,2020-07-07,-1.285405218
22,2020-07-07,-1.144383737
23,2020-07-07,-1.138428343
24,2020-07-07,-1.023893659
1,2020-07-14,-1.167609352
2,2020-07-14,-1.229036464
3,2020-07-14,-1.129991437
4,2020-07-14,-1.189557684
5,2020-07-14,-1.161206737
6,2020-07-14,-1.157262329
7,2020-07-14,-1.192887815
8,2020-07-14,-1.243597063
9,2020-07-14,-1.260819674
10,2020-07-14,-1.164333106
11,2020-07-14,-1.240804603
12,2020-07-14,-1.372125633
13,2020-07-14,-1.321018786
14,2020-07-14,-1.412987226
15,2020-07-14,-1.164133401
16,2020-07-14,-1.210364888
17,2020-07-14,-1.203343122
18,2020-07-14,-1.116010079
19,2020-07-14,-1.314250284
20,2020-07-14,-1.268725989
21,2020-07-14,-1.297787312
22,2020-07-14,-1.104011597
23,2020-07-14,-1.252821218
24,2020-07-14,-1.141440371
1,2020-07-21,-1.460238749
2,2020-07-21,-1.416275055
3,2020-07-21,-1.382237607
4,2020-07-21,-1.48120171
5,2020-07-21,-1.419407106
6,2020-07-21,-1.390749509
7,2020-07-21,-1.487794094
8,2020-07-21,-1.394180238
9,2020-07-21,-1.492701756
10,2020-07-21,-1.137524367
11,2020-07-21,-1.306484448
12,2020-07-21,-0.985662348
13,2020-07-21,-0.9509990559
14,2020-07-21,-1.347788884
15,2020-07-21,-1.301760584
16,2020-07-21,-1.326496095
17,2020-07-21,-1.317128376
18,2020-07-21,-1.39466526
19,2020-07-21,-1.332135722
20,2020-07-21,-1.201220344
21,2020-07-21,-1.325121325
22,2020-07-21,-1.310706439
23,2020-07-21,-1.550128822
24,2020-07-21,-1.211748459
1,2020-07-28,-1.566711345
2,2020-07-28,-1.544859187
3,2020-07-28,-1.539589721
4,2020-07-28,-1.650109958
5,2020-07-28,-1.537673277
6,2020-07-28,-1.594941452
7,2020-07-28,-1.494459426
8,2020-07-28,-1.46144461
9,2020-07-28,-1.339406357
10,2020-07-28,-1.264642445
11,2020-07-28,-1.340218222
12,2020-07-28,-1.096430159
13,2020-07-28,-1.003467743
14,2020-07-28,-1.3416792
15,2020-07-28,-1.387828432
16,2020-07-28,-1.484980464
17,2020-07-28,-1.451564332
18,2020-07-28,-1.198056855
19,2020-07-28,-1.32194261
20,2020-07-28,-1.267090776
21,2020-07-28,-1.230467624
22,2020-07-28,-1.191090624
23,2020-07-28,-1.240899134
24,2020-07-28,-1.235887024
1,2020-08-04,-1.171184854
2,2020-08-04,-1.287194043
3,2020-08-04,-1.233423493
4,2020-08-04,-1.224580692
5,2020-08-04,-1.335375164
6,2020-08-04,-1.387383637
7,2020-08-04,-1.296036079
8,2020-08-04,-1.262389596
9,2020-08-04,-1.254766586
10,2020-08-04,-1.335966627
11,2020-08-04,-1.346464568
12,2020-08-04,-1.369077951
13,2020-08-04,-1.321999908
14,2020-08-04,-1.219904448
15,2020-08-04,-1.319810234
16,2020-08-04,-1.25490119
17,2020-08-04,-1.278096569
18,2020-08-04,-1.177193415
19,2020-08-04,-1.210180136
20,2020-08-04,-1.325814853
21,2020-08-04,-1.412783759
22,2020-08-04,-1.357618656
23,2020-08-04,-1.179854176
24,2020-08-04,-1.254401799
1,2020-08-11,-0.8696431822
2,2020-08-11,-0.8459870443
3,2020-08-11,-0.8483407463
4,2020-08-11,-0.8562382196
5,2020-08-11,-0.8430951335
6,2020-08-11,-0.8656671438
7,2020-08-11,-0.8642374472
8,2020-08-11,-0.9040423566
9,2020-08-11,-0.8534595938
10,2020-08-11,-0.8133106427
11,2020-08-11,-0.769364331
12,2020-08-11,-0.7453887601
13,2020-08-11,-0.7721596631
14,2020-08-11,-0.7034715318
15,2020-08-11,-0.7474001585
16,2020-08-11,-0.9347484653
17,2020-08-11,-0.9157077037
18,2020-08-11,-0.7937324881
19,2020-08-11,-0.7368935694
20,2020-08-11,-0.7275507896
21,2020-08-11,-0.7311439363
22,2020-08-11,-0.7609001057
23,2020-08-11,-0.7845356241
24,2020-08-11,-0.8054446811
1,2020-08-18,-1.28045047
2,2020-08-18,-1.42860135
3,2020-08-18,-1.391875782
4,2020-08-18,-1.30697116
5,2020-08-18,-1.385634076
6,2020-08-18,-1.218319385
7,2020-08-18,-1.186606245
8,2020-08-18,-1.091806241
9,2020-08-18,-1.112172358
10,2020-08-18,-1.102204104
11,2020-08-18,-1.264945633
12,2020-08-18,-1.157294354
13,2020-08-18,-1.148235895
14,2020-08-18,-1.492644011
15,2020-08-18,-1.233805552
16,2020-08-18,-1.149483224
17,2020-08-18,-1.110060786
18,2020-08-18,-1.066507571
19,2020-08-18,-1.371123269
20,2020-08-18,-1.385400407
21,2020-08-18,-1.384362412
22,2020-08-18,-1.235680613
23,2020-08-18,-1.087883804
24,2020-08-18,-1.154365547
1,2020-08-25,-1.147818809
2,2020-08-25,-1.147867297
3,2020-08-25,-1.132108449
4,2020-08-25,-1.120157699
5,2020-08-25,-1.134008146
6,2020-08-25,-1.116550374
7,2020-08-25,-1.111813588
8,2020-08-25,-0.9873180435
9,2020-08-25,-1.103250353
10,2020-08-25,-0.9545810189
11,2020-08-25,-1.293090214
12,2020-08-25,-1.057285903
13,2020-08-25,-1.14343646
14,2020-08-25,-1.261813179
15,2020-08-25,-1.294026234
16,2020-08-25,-1.036288604
17,2020-08-25,-0.9917700722
18,2020-08-25,-1.033213699
19,2020-08-25,-1.042257092
20,2020-08-25,-1.15833633
21,2020-08-25,-1.317502748
22,2020-08-25,-1.119067169
23,2020-08-25,-1.215164978
24,2020-08-25,-0.945817613
1,2020-09-01,-1.428453404
2,2020-09-01,-1.450451092
3,2020-09-01,-1.459265232
4,2020-09-01,-1.413010716
5,2020-09-01,-1.449913662
6,2020-09-01,-1.402281597
7,2020-09-01,-1.430734688
8,2020-09-01,-1.342931097
9,2020-09-01,-1.399678173
10,2020-09-01,-1.429998012
11,2020-09-01,-1.558377673
12,2020-09-01,-1.407616727
13,2020-09-01,-1.511092758
14,2020-09-01,-1.597168248
15,2020-09-01,-1.464165876
16,2020-09-01,-1.586756097
17,2020-09-01,-1.392581274
18,2020-09-01,-1.314659439
19,2020-09-01,-1.255739993
20,2020-09-01,-1.517150511
21,2020-09-01,-1.660010718
22,2020-09-01,-1.528829064
23,2020-09-01,-1.464841142
24,2020-09-01,-1.290398149
1,2020-09-08,-1.569777004
2,2020-09-08,-1.611877281
3,2020-09-08,-1.590477234
4,2020-09-08,-1.529021599
5,2020-09-08,-1.5619887
6,2020-09-08,-1.536667607
7,2020-09-08,-1.433714522
8,2020-09-08,-1.704274822
9,2020-09-08,-1.568789782
10,2020-09-08,-1.553696378
11,2020-09-08,-1.733474282
12,2020-09-08,-1.581154236
13,2020-09-08,-1.621195606
14,2020-09-08,-1.521747258
15,2020-09-08,-1.594766226
16,2020-09-08,-1.667092669
17,2020-09-08,-1.618153273
18,2020-09-08,-1.71447117
19,2020-09-08,-1.539588134
20,2020-09-08,-1.46296893
21,2020-09-08,-1.655695354
22,2020-09-08,-1.595486539
23,2020-09-08,-1.510328883
24,2020-09-08,-1.469472097
1,2020-09-15,-1.621372595
2,2020-09-15,-1.562048316
3,2020-09-15,-1.636135366
4,2020-09-15,-1.626806452
5,2020-09-15,-1.478425971
6,2020-09-15,-1.277150516
7,2020-09-15,-1.392808949
8,2020-09-15,-1.239520692
9,2020-09-15,-1.331886734
10,2020-09-15,-1.077315408
11,2020-09-15,-1.658602787
12,2020-09-15,-0.9941610106
13,2020-09-15,-1.159649185
14,2020-09-15,-1.619718209
15,2020-09-15,-1.316890658
16,2020-09-15,-1.160701191
17,2020-09-15,-1.127931164
18,2020-09-15,-1.335537184
19,2020-09-15,-1.349222386
20,2020-09-15,-1.540077087
21,2020-09-15,-1.716446472
22,2020-09-15,-1.566173503
23,2020-09-15,-1.484625265
24,2020-09-15,-1.152381721
1,2020-09-22,-1.627858469
2,2020-09-22,-1.382726162
3,2020-09-22,-1.587754633
4,2020-09-22,-1.769589755
5,2020-09-22,-1.389621683
6,2020-09-22,-1.458602706
7,2020-09-22,-1.62929376
8,2020-09-22,-1.504336256
9,2020-09-22,-1.578763933
10,2020-09-22,-1.386206525
11,2020-09-22,-1.544498247
12,2020-09-22,-1.361352397
13,2020-09-22,-1.275166516
14,2020-09-22,-1.726479922
15,2020-09-22,-1.596866357
16,2020-09-22,-1.426462717
17,2020-09-22,-1.476694106
18,2020-09-22,-1.521717287
19,2020-09-22,-1.605806256
20,2020-09-22,-1.599306675
21,2020-09-22,-1.65814776
22,2020-09-22,-1.4544623
23,2020-09-22,-1.716190977
24,2020-09-22,-1.487536716
1,2020-09-29,-1.600223462
2,2020-09-29,-1.499281149
3,2020-09-29,-1.526887971
4,2020-09-29,-1.603185149
5,2020-09-29,-1.593812257
6,2020-09-29,-1.64726085
7,2020-09-29,-1.670039723
8,2020-09-29,-1.500257657
9,2020-09-29,-1.58848169
10,2020-09-29,-1.070277463
11,2020-09-29,-1.525772068
12,2020-09-29,-1.410165042
13,2020-09-29,-1.349331511
14,2020-09-29,-1.424280942
15,2020-09-29,-1.49316529
16,2020-09-29,-1.18749475
17,2020-09-29,-1.278851844
18,2020-09-29,-1.305025237
19,2020-09-29,-1.267726668
20,2020-09-29,-1.355029785
21,2020-09-29,-1.511907096
22,2020-09-29,-1.39504491
23,2020-09-29,-1.588759016
24,2020-09-29,-1.198540985
1,2020-10-06,-1.293373106
2,2020-10-06,-1.269561066
3,2020-10-06,-1.284922796
4,2020-10-06,-1.355720423
5,2020-10-06,-1.291402856
6,2020-10-06,-1.219813124
7,2020-10-06,-1.277193521
8,2020-10-06,-1.137356954
9,2020-10-06,-1.15473499
10,2020-10-06,-1.37349114
11,2020-10-06,-1.342451694
12,2020-10-06,-1.336871033
13,2020-10-06,-1.221289788
14,2020-10-06,-1.210772596
15,2020-10-06,-1.328230515
16,2020-10-06,-1.299700866
17,2020-10-06,-1.224268479
18,2020-10-06,-1.225067529
19,2020-10-06,-1.270186178
20,2020-10-06,-1.270367479
21,2020-10-06,-1.282324661
22,2020-10-06,-1.299516389
23,2020-10-06,-1.245456659
24,2020-10-06,-1.318811898